Date,Open,High,Low,Close,Adj Close,Volume
2014-09-22,463.0,469.8999938964844,446.1000061035156,454.45001220703125,454.45001220703125,16277
2014-09-23,454.0,454.0,431.75,431.75,431.75,12893
2014-09-24,425.0,447.45001220703125,410.20001220703125,411.04998779296875,411.04998779296875,10758
2014-09-25,406.5,420.0,390.5,390.8999938964844,390.8999938964844,10520
2014-09-26,392.95001220703125,405.0,375.04998779296875,389.45001220703125,389.45001220703125,6175
2014-09-29,403.6000061035156,403.6000061035156,371.1000061035156,386.3500061035156,386.3500061035156,5185
2014-09-30,388.0,399.0,380.0,390.79998779296875,390.79998779296875,7717
2014-10-01,389.95001220703125,410.29998779296875,382.54998779296875,410.29998779296875,410.29998779296875,8847
2014-10-07,426.3999938964844,430.79998779296875,426.3999938964844,430.79998779296875,430.79998779296875,5123
2014-10-08,452.29998779296875,452.29998779296875,415.0,436.29998779296875,436.29998779296875,5890
2014-10-09,458.1000061035156,458.1000061035156,450.0,458.1000061035156,458.1000061035156,6864
2014-10-10,458.20001220703125,481.0,458.20001220703125,462.45001220703125,462.45001220703125,21751
2014-10-13,468.0,484.0,448.0,472.3500061035156,472.3500061035156,12416
2014-10-14,470.0,483.0,448.75,451.20001220703125,451.20001220703125,5106
2014-10-15,451.20001220703125,451.20001220703125,451.20001220703125,451.20001220703125,451.20001220703125,0
2014-10-16,473.0,473.0,428.6499938964844,428.6499938964844,428.6499938964844,9410
2014-10-17,418.95001220703125,444.29998779296875,408.20001220703125,421.6000061035156,421.6000061035156,12415
2014-10-20,437.0,437.0,410.04998779296875,416.95001220703125,416.95001220703125,5566
2014-10-21,430.95001220703125,437.75,418.04998779296875,437.75,437.75,3837
2014-10-22,456.95001220703125,459.6000061035156,437.79998779296875,451.1000061035156,451.1000061035156,11495
2014-10-27,442.29998779296875,442.3500061035156,425.0,427.70001220703125,427.70001220703125,4468
2014-10-28,422.04998779296875,432.0,415.0,420.5,420.5,3931
2014-10-29,415.0,430.3999938964844,415.0,423.45001220703125,423.45001220703125,5290
2014-10-30,425.95001220703125,441.0,421.25,433.20001220703125,433.20001220703125,4734
2014-10-31,421.0,433.20001220703125,416.04998779296875,425.1499938964844,425.1499938964844,11579
2014-11-03,421.0,435.0,416.0,425.6499938964844,425.6499938964844,8443
2014-11-05,418.04998779296875,438.70001220703125,418.04998779296875,430.8500061035156,430.8500061035156,16515
2014-11-07,452.3500061035156,452.3500061035156,452.3500061035156,452.3500061035156,452.3500061035156,8049
2014-11-10,474.95001220703125,474.95001220703125,445.04998779296875,449.70001220703125,449.70001220703125,31543
2014-11-11,453.0,458.79998779296875,430.0,437.5,437.5,5367
2014-11-12,442.0,450.0,426.0,429.75,429.75,26605
2014-11-13,440.0,440.0,420.1000061035156,432.1000061035156,432.1000061035156,31333
2014-11-14,435.8999938964844,438.95001220703125,418.29998779296875,421.5,421.5,23480
2014-11-17,425.0,430.0,422.0,423.6000061035156,423.6000061035156,7307
2014-11-18,425.0,428.0,422.0,422.5,422.5,9644
2014-11-19,442.1000061035156,445.0,412.0,425.70001220703125,425.70001220703125,9688
2014-11-20,426.0,440.0,420.0,438.29998779296875,438.29998779296875,11533
2014-11-21,430.0,434.8999938964844,425.0,425.3500061035156,425.3500061035156,7393
2014-11-24,420.0,434.6000061035156,420.0,422.95001220703125,422.95001220703125,5529
2014-11-25,422.3500061035156,425.0,421.0,422.45001220703125,422.45001220703125,96031
2014-11-26,424.20001220703125,433.0,423.0,426.6499938964844,426.6499938964844,2328
2014-11-27,449.95001220703125,449.95001220703125,423.0,430.20001220703125,430.20001220703125,9741
2014-11-28,425.8999938964844,431.5,423.0,427.75,427.75,4545
2014-12-01,428.3500061035156,438.6000061035156,427.0,430.3500061035156,430.3500061035156,6338
2014-12-02,429.0,430.0,416.0,419.1000061035156,419.1000061035156,3767
2014-12-03,421.0,461.0,421.0,455.1000061035156,455.1000061035156,28870
2014-12-04,488.0,488.0,463.5,472.8500061035156,472.8500061035156,35703
2014-12-05,475.0,544.0,465.1000061035156,507.25,507.25,71400
2014-12-08,516.0,536.9000244140625,493.0,496.1000061035156,496.1000061035156,26090
2014-12-09,499.0,524.0,482.0,495.6499938964844,495.6499938964844,18366
2014-12-10,495.0,500.0,486.04998779296875,488.54998779296875,488.54998779296875,7519
2014-12-11,486.5,492.5,461.6499938964844,469.3500061035156,469.3500061035156,10511
2014-12-12,475.0,485.0,458.0,459.95001220703125,459.95001220703125,7011
2014-12-15,484.0,484.0,441.20001220703125,459.3999938964844,459.3999938964844,6970
2014-12-16,469.8500061035156,469.8500061035156,425.1000061035156,432.75,432.75,10100
2014-12-17,430.04998779296875,449.20001220703125,418.0,439.6000061035156,439.6000061035156,6696
2014-12-18,460.0,465.0,431.95001220703125,450.3999938964844,450.3999938964844,5163
2014-12-19,452.0,465.0,400.1000061035156,448.8999938964844,448.8999938964844,8824
2014-12-22,440.0,453.8999938964844,431.0,442.45001220703125,442.45001220703125,9115
2014-12-23,449.0,453.1499938964844,430.0,432.45001220703125,432.45001220703125,6420
2014-12-24,446.95001220703125,446.95001220703125,430.0,433.0,433.0,5135
2014-12-26,428.70001220703125,443.5,428.70001220703125,433.75,433.75,2269
2014-12-29,429.3999938964844,475.0,429.3999938964844,457.70001220703125,457.70001220703125,6911
2014-12-30,450.0,474.0,450.0,462.29998779296875,462.29998779296875,8353
2014-12-31,451.70001220703125,480.0,451.6000061035156,472.75,472.75,40323
2015-01-01,469.95001220703125,485.0,462.04998779296875,466.70001220703125,466.70001220703125,5306
2015-01-02,461.0,470.0,450.1000061035156,459.3500061035156,459.3500061035156,12857
2015-01-05,460.0,469.79998779296875,452.6499938964844,455.0,455.0,12876
2015-01-06,452.79998779296875,452.79998779296875,431.25,444.0,444.0,6388
2015-01-07,430.0,453.5,417.0,437.8999938964844,437.8999938964844,13499
2015-01-08,460.0,460.0,437.0,440.5,440.5,16726
2015-01-09,445.0,450.0,435.0,439.0,439.0,10976
2015-01-12,444.1000061035156,450.0,435.0,441.95001220703125,441.95001220703125,3555
2015-01-13,432.45001220703125,450.0,432.20001220703125,443.6499938964844,443.6499938964844,13648
2015-01-14,454.75,454.75,420.0,435.3999938964844,435.3999938964844,5133
2015-01-15,440.0,475.0,435.3999938964844,455.45001220703125,455.45001220703125,15232
2015-01-16,456.0,475.0,431.95001220703125,451.8500061035156,451.8500061035156,13258
2015-01-19,455.0,462.6000061035156,440.20001220703125,451.1499938964844,451.1499938964844,13353
2015-01-20,453.95001220703125,455.0,441.20001220703125,449.95001220703125,449.95001220703125,15033
2015-01-21,451.0,455.0,434.0,436.6000061035156,436.6000061035156,9074
2015-01-22,435.0,441.0,420.0,436.79998779296875,436.79998779296875,6150
2015-01-23,431.04998779296875,442.0,420.95001220703125,430.79998779296875,430.79998779296875,3592
2015-01-27,428.04998779296875,463.5,428.04998779296875,455.3500061035156,455.3500061035156,19332
2015-01-28,465.0,465.0,443.1000061035156,446.25,446.25,8632
2015-01-29,459.79998779296875,459.79998779296875,443.04998779296875,446.25,446.25,3429
2015-01-30,460.0,465.0,441.20001220703125,444.5,444.5,10214
2015-02-02,431.1000061035156,449.3999938964844,431.1000061035156,445.54998779296875,445.54998779296875,3651
2015-02-03,459.79998779296875,474.0,438.0,467.25,467.25,18166
2015-02-04,460.1499938964844,473.54998779296875,458.0,462.0,462.0,6479
2015-02-05,498.0,554.4000244140625,498.0,529.0,529.0,412814
2015-02-06,530.6500244140625,554.9000244140625,511.70001220703125,519.9000244140625,519.9000244140625,189449
2015-02-09,519.9000244140625,526.25,475.0,487.29998779296875,487.29998779296875,29333
2015-02-10,489.0,560.0,456.70001220703125,509.75,509.75,93501
2015-02-11,510.0,545.0,510.0,524.7999877929688,524.7999877929688,48073
2015-02-12,524.0,545.0,523.9000244140625,539.5499877929688,539.5499877929688,51367
2015-02-13,537.9500122070312,570.0,531.0,560.3499755859375,560.3499755859375,73383
2015-02-16,553.0,580.0,542.0,555.1500244140625,555.1500244140625,64129
2015-02-18,554.7000122070312,611.3499755859375,545.5499877929688,601.4500122070312,601.4500122070312,127763
2015-02-19,606.5,630.0,602.0,616.9500122070312,616.9500122070312,83087
2015-02-20,617.8499755859375,640.0,607.0499877929688,617.7999877929688,617.7999877929688,94174
2015-02-23,597.0,637.0499877929688,594.0,606.0,606.0,45007
2015-02-24,603.5,612.5999755859375,573.75,582.4000244140625,582.4000244140625,22657
2015-02-25,584.6500244140625,621.7999877929688,584.6500244140625,610.4000244140625,610.4000244140625,45433
2015-02-26,616.7000122070312,629.9500122070312,592.2000122070312,601.2000122070312,601.2000122070312,28998
2015-02-27,601.0,643.0,560.0,632.3499755859375,632.3499755859375,61339
2015-03-02,619.7000122070312,635.0,613.0999755859375,627.9500122070312,627.9500122070312,19304
2015-03-03,628.9500122070312,719.0,626.0,684.2999877929688,684.2999877929688,140036
2015-03-04,690.0,719.9000244140625,650.0,664.4500122070312,664.4500122070312,60609
2015-03-05,676.5,704.2000122070312,676.5,695.7999877929688,695.7999877929688,48949
2015-03-09,694.7000122070312,710.0,678.0,683.1500244140625,683.1500244140625,21947
2015-03-10,689.7000122070312,706.9500122070312,668.9500122070312,673.2999877929688,673.2999877929688,15202
2015-03-11,679.2999877929688,688.5,658.9000244140625,667.2999877929688,667.2999877929688,24048
2015-03-12,669.6500244140625,683.7999877929688,664.5,675.2999877929688,675.2999877929688,9212
2015-03-13,676.5999755859375,682.0,650.25,654.0499877929688,654.0499877929688,11716
2015-03-16,650.4000244140625,659.7000122070312,629.1500244140625,642.5999755859375,642.5999755859375,11791
2015-03-17,644.6500244140625,695.0499877929688,641.9500122070312,666.2000122070312,666.2000122070312,29164
2015-03-18,668.4500122070312,707.75,667.0499877929688,700.9500122070312,700.9500122070312,61515
2015-03-19,708.7999877929688,746.0,702.0,716.4000244140625,716.4000244140625,82518
2015-03-20,719.0,722.0,661.7000122070312,678.5999755859375,678.5999755859375,23045
2015-03-23,684.7000122070312,692.0,646.0,655.2000122070312,655.2000122070312,14357
2015-03-24,635.0499877929688,677.7000122070312,635.0499877929688,656.3499755859375,656.3499755859375,16573
2015-03-25,658.5999755859375,692.6500244140625,656.3499755859375,664.1500244140625,664.1500244140625,20797
2015-03-26,657.2000122070312,670.0,636.0,643.3499755859375,643.3499755859375,10962
2015-03-27,640.0,658.0499877929688,627.5,634.75,634.75,11583
2015-03-30,634.9500122070312,674.0,634.9500122070312,668.0999755859375,668.0999755859375,9665
2015-03-31,669.7000122070312,679.0,620.0999755859375,644.4500122070312,644.4500122070312,23947
2015-04-01,640.0,666.9500122070312,640.0,647.5999755859375,647.5999755859375,9478
2015-04-06,649.0,655.0,623.7000122070312,639.1500244140625,639.1500244140625,17468
2015-04-07,639.7000122070312,651.9500122070312,635.0,639.25,639.25,6246
2015-04-08,639.0,661.0,639.0,649.3499755859375,649.3499755859375,10650
2015-04-09,655.5499877929688,665.0,647.0499877929688,655.5999755859375,655.5999755859375,8611
2015-04-10,668.7999877929688,687.9000244140625,649.9000244140625,664.5,664.5,22529
2015-04-13,669.0,695.0,669.0,691.9000244140625,691.9000244140625,21085
2015-04-15,692.5,721.0,692.0,697.0999755859375,697.0999755859375,20124
2015-04-16,694.9500122070312,704.8499755859375,673.0,695.0499877929688,695.0499877929688,13240
2015-04-17,707.0999755859375,707.0999755859375,675.7000122070312,680.0,680.0,18971
2015-04-20,684.9500122070312,708.9000244140625,657.0,663.0,663.0,47878
2015-04-21,649.7999877929688,649.7999877929688,608.0,633.75,633.75,24650
2015-04-22,638.0,647.9500122070312,610.0,628.4500122070312,628.4500122070312,17377
2015-04-23,650.0,734.0,642.0499877929688,702.7000122070312,702.7000122070312,306152
2015-04-24,706.9500122070312,712.5,639.7000122070312,647.7999877929688,647.7999877929688,67487
2015-04-27,642.0999755859375,649.9000244140625,590.0,620.7999877929688,620.7999877929688,83302
2015-04-28,624.0499877929688,635.9000244140625,596.0,623.2000122070312,623.2000122070312,26060
2015-04-29,625.0,643.9500122070312,620.0999755859375,625.5499877929688,625.5499877929688,12990
2015-04-30,624.0,634.5,617.0,623.7000122070312,623.7000122070312,6770
2015-05-04,628.4500122070312,634.0,576.9500122070312,623.2000122070312,623.2000122070312,6345
2015-05-05,625.5,657.0,620.0999755859375,645.4500122070312,645.4500122070312,12676
2015-05-06,645.9000244140625,660.0,595.0,604.0499877929688,604.0499877929688,19316
2015-05-07,604.9500122070312,622.0,586.3499755859375,592.75,592.75,19992
2015-05-08,603.0,619.9000244140625,602.5499877929688,612.0999755859375,612.0999755859375,11237
2015-05-11,617.8499755859375,626.0,595.5499877929688,616.2000122070312,616.2000122070312,14872
2015-05-12,619.0,619.0,597.0,600.9500122070312,600.9500122070312,5988
2015-05-13,611.0499877929688,615.0,590.0,602.25,602.25,8827
2015-05-14,591.6500244140625,615.9000244140625,591.6500244140625,613.0,613.0,7947
2015-05-15,627.0,639.5,602.0999755859375,624.1500244140625,624.1500244140625,23354
2015-05-18,627.0499877929688,646.0,615.0,634.25,634.25,10704
2015-05-19,628.0,645.0,625.75,638.5,638.5,3909
2015-05-20,632.0,650.0,628.5999755859375,640.9000244140625,640.9000244140625,7308
2015-05-21,634.0,646.6500244140625,631.4500122070312,642.25,642.25,5934
2015-05-22,643.9500122070312,645.0,632.0,636.9500122070312,636.9500122070312,3474
2015-05-25,634.9000244140625,647.75,626.0,630.2999877929688,630.2999877929688,3873
2015-05-26,641.5,642.0,623.0499877929688,633.5999755859375,633.5999755859375,4550
2015-05-27,636.9500122070312,654.3499755859375,624.1500244140625,641.4000244140625,641.4000244140625,13637
2015-05-28,648.7999877929688,648.9000244140625,635.0,641.0499877929688,641.0499877929688,8954
2015-05-29,650.0,687.0,629.9500122070312,665.6500244140625,665.6500244140625,91781
2015-06-01,681.0,694.0,666.0,675.0499877929688,675.0499877929688,24376
2015-06-02,680.0,685.0,665.0999755859375,673.5999755859375,673.5999755859375,16600
2015-06-03,665.0499877929688,680.7000122070312,640.0,652.4000244140625,652.4000244140625,21117
2015-06-04,659.9500122070312,660.0,623.0,627.5999755859375,627.5999755859375,15118
2015-06-05,636.9500122070312,636.9500122070312,617.0,627.0999755859375,627.0999755859375,10720
2015-06-08,643.9500122070312,644.0,627.0,631.8499755859375,631.8499755859375,6387
2015-06-09,632.0499877929688,636.9500122070312,615.0,621.7999877929688,621.7999877929688,4975
2015-06-10,617.0999755859375,634.0,617.0999755859375,630.2999877929688,630.2999877929688,11586
2015-06-11,634.4000244140625,638.0499877929688,622.0999755859375,629.2999877929688,629.2999877929688,9018
2015-06-12,618.1500244140625,634.9000244140625,618.1500244140625,622.4500122070312,622.4500122070312,9534
2015-06-15,621.0499877929688,633.0,607.5999755859375,627.0999755859375,627.0999755859375,6513
2015-06-16,621.0,634.0,619.5,626.3499755859375,626.3499755859375,10722
2015-06-17,626.0499877929688,635.0,620.1500244140625,630.0499877929688,630.0499877929688,8119
2015-06-18,638.7000122070312,692.9500122070312,624.0,661.6500244140625,661.6500244140625,23920
2015-06-19,674.0,689.7000122070312,662.0,666.8499755859375,666.8499755859375,77815
2015-06-22,667.9500122070312,713.7999877929688,664.9500122070312,701.1500244140625,701.1500244140625,17825
2015-06-23,683.0,708.9000244140625,683.0,701.4500122070312,701.4500122070312,10240
2015-06-24,697.9000244140625,760.0,697.9000244140625,735.7000122070312,735.7000122070312,46237
2015-06-25,741.7999877929688,741.7999877929688,722.0499877929688,730.9000244140625,730.9000244140625,9045
2015-06-26,728.1500244140625,731.9500122070312,718.5,720.5999755859375,720.5999755859375,7113
2015-06-29,707.5499877929688,707.5499877929688,671.0,701.4000244140625,701.4000244140625,15593
2015-06-30,703.0,805.0,679.0,792.25,792.25,128612
2015-07-01,791.5,797.0,770.0,781.5499877929688,781.5499877929688,33572
2015-07-02,787.9000244140625,937.8499755859375,770.0999755859375,937.8499755859375,937.8499755859375,391106
2015-07-03,980.0,1015.0,908.0,926.1500244140625,926.1500244140625,400632
2015-07-06,900.0,992.6500244140625,894.0,966.9500122070312,966.9500122070312,193732
2015-07-07,970.0,976.4000244140625,932.0,936.8499755859375,936.8499755859375,30546
2015-07-08,939.7999877929688,971.0,888.0,895.2999877929688,895.2999877929688,68228
2015-07-09,907.0,927.2999877929688,878.0,882.4000244140625,882.4000244140625,26637
2015-07-10,894.7000122070312,901.5,867.0499877929688,878.6500244140625,878.6500244140625,27975
2015-07-13,886.9000244140625,897.9500122070312,870.0999755859375,874.8499755859375,874.8499755859375,16861
2015-07-14,924.9000244140625,982.4500122070312,908.0999755859375,921.6500244140625,921.6500244140625,245109
2015-07-15,934.9000244140625,961.0,928.1500244140625,939.1500244140625,939.1500244140625,77211
2015-07-16,940.0,966.9500122070312,936.0499877929688,956.7000122070312,956.7000122070312,58164
2015-07-17,963.9000244140625,966.4000244140625,906.6500244140625,921.3499755859375,921.3499755859375,29943
2015-07-20,940.0,962.0,918.1500244140625,949.9500122070312,949.9500122070312,41044
2015-07-21,940.1500244140625,972.9500122070312,935.0,957.7999877929688,957.7999877929688,39084
2015-07-22,955.0,1036.0,950.0,997.7999877929688,997.7999877929688,158783
2015-07-23,1007.0,1013.0,971.0,974.75,974.75,92261
2015-07-24,975.0499877929688,1015.0,972.0,1005.0,1005.0,116180
2015-07-27,995.0,1008.5,977.0,982.7000122070312,982.7000122070312,60523
2015-07-28,985.9500122070312,1010.0,985.9500122070312,991.5499877929688,991.5499877929688,31654
2015-07-29,1000.0,1000.0,971.0,973.5999755859375,973.5999755859375,19838
2015-07-30,984.75,996.0,975.0,975.5,975.5,16266
2015-07-31,980.0,999.9000244140625,945.5999755859375,952.9000244140625,952.9000244140625,49300
2015-08-03,962.5,997.0,954.0,988.3499755859375,988.3499755859375,28602
2015-08-04,988.0,1097.0,987.9000244140625,1065.300048828125,1065.300048828125,185420
2015-08-05,1078.0,1110.449951171875,1030.0,1043.0999755859375,1043.0999755859375,126279
2015-08-06,1073.0,1073.0,958.0499877929688,968.2000122070312,968.2000122070312,85413
2015-08-07,965.0499877929688,996.0,961.0,970.2999877929688,970.2999877929688,33384
2015-08-10,974.0,1002.7999877929688,967.0,971.4000244140625,971.4000244140625,56196
2015-08-11,971.4000244140625,998.5999755859375,952.7999877929688,955.7000122070312,955.7000122070312,55799
2015-08-12,963.0,969.5,918.0,925.6500244140625,925.6500244140625,51539
2015-08-13,938.0,950.0,893.0,903.9500122070312,903.9500122070312,20301
2015-08-14,908.9500122070312,920.0,879.9500122070312,898.5,898.5,24655
2015-08-17,881.0,927.5,881.0,914.25,914.25,18842
2015-08-18,929.0,949.5,922.9500122070312,942.75,942.75,22600
2015-08-19,949.9500122070312,975.7999877929688,936.0499877929688,957.2999877929688,957.2999877929688,18614
2015-08-20,961.0,965.6500244140625,902.5999755859375,909.9000244140625,909.9000244140625,18296
2015-08-21,895.0,949.0499877929688,883.0999755859375,930.2000122070312,930.2000122070312,228309
2015-08-24,800.0,876.0,757.0,771.5499877929688,771.5499877929688,69815
2015-08-25,806.0,809.0,636.0,715.4000244140625,715.4000244140625,82792
2015-08-26,738.0,825.0,671.7000122070312,784.9000244140625,784.9000244140625,102513
2015-08-27,797.0,840.0,795.0499877929688,807.5499877929688,807.5499877929688,49806
2015-08-28,815.7000122070312,838.7000122070312,751.0,761.6500244140625,761.6500244140625,36814
2015-08-31,768.9500122070312,794.0,741.25,772.6500244140625,772.6500244140625,30235
2015-09-01,755.5,779.2000122070312,738.0,752.4500122070312,752.4500122070312,153830
2015-09-02,755.0,764.0,716.0999755859375,723.7000122070312,723.7000122070312,24878
2015-09-03,732.8499755859375,764.0,726.4000244140625,754.3499755859375,754.3499755859375,28746
2015-09-04,760.0,760.0,705.0999755859375,726.7999877929688,726.7999877929688,18812
2015-09-07,730.0,739.9500122070312,670.0999755859375,676.5,676.5,44366
2015-09-08,677.0,710.0,654.9500122070312,698.2999877929688,698.2999877929688,30980
2015-09-09,717.0,730.0,705.0,719.0999755859375,719.0999755859375,20919
2015-09-10,705.0,737.4500122070312,685.0999755859375,726.9500122070312,726.9500122070312,19621
2015-09-11,734.0,749.0,720.0499877929688,726.2999877929688,726.2999877929688,17192
2015-09-14,730.75,754.0,730.0499877929688,735.2999877929688,735.2999877929688,10998
2015-09-15,738.0,742.5499877929688,715.5999755859375,717.7999877929688,717.7999877929688,7703
2015-09-16,734.9500122070312,735.0,705.5499877929688,715.0,715.0,7345
2015-09-18,729.0499877929688,749.0,723.2000122070312,742.2999877929688,742.2999877929688,13849
2015-09-21,734.9500122070312,754.0,731.25,741.0999755859375,741.0999755859375,8995
2015-09-22,759.9500122070312,776.75,745.0,757.0499877929688,757.0499877929688,25597
2015-09-23,750.0499877929688,777.0,730.0499877929688,752.6500244140625,752.6500244140625,16914
2015-09-24,768.0,777.0,750.0,752.4500122070312,752.4500122070312,6885
2015-09-28,741.0,770.0,741.0,748.9000244140625,748.9000244140625,7515
2015-09-29,726.0499877929688,749.0,726.0,738.8499755859375,738.8499755859375,7483
2015-09-30,789.0,789.0,725.0,755.9000244140625,755.9000244140625,7475
2015-10-01,758.0499877929688,768.3499755859375,743.5499877929688,754.5999755859375,754.5999755859375,7817
2015-10-05,757.0499877929688,785.0,755.0,768.0499877929688,768.0499877929688,25320
2015-10-06,770.0,773.9500122070312,711.7000122070312,728.7999877929688,728.7999877929688,30162
2015-10-07,754.0,783.0,738.5,757.7000122070312,757.7000122070312,33894
2015-10-08,758.0,764.0,741.0499877929688,753.4500122070312,753.4500122070312,9454
2015-10-09,767.0,784.9000244140625,755.0,778.5,778.5,27985
2015-10-12,780.0,828.5,771.2000122070312,811.4000244140625,811.4000244140625,104375
2015-10-13,815.7000122070312,824.0,787.0999755859375,791.8499755859375,791.8499755859375,26188
2015-10-14,791.8499755859375,808.0,773.5,788.9000244140625,788.9000244140625,12130
2015-10-15,798.9500122070312,810.2000122070312,774.5999755859375,779.3499755859375,779.3499755859375,16229
2015-10-16,786.4000244140625,793.0,761.2000122070312,781.75,781.75,13399
2015-10-19,782.0499877929688,799.0,773.0,798.25,798.25,44066
2015-10-20,802.0999755859375,824.0,790.1500244140625,819.9000244140625,819.9000244140625,66366
2015-10-21,820.0,834.9000244140625,801.0,806.2000122070312,806.2000122070312,143219
2015-10-23,816.75,819.0,785.0499877929688,793.9000244140625,793.9000244140625,15666
2015-10-26,810.9500122070312,815.0,772.0999755859375,777.9000244140625,777.9000244140625,13098
2015-10-27,787.0,788.9000244140625,768.0999755859375,776.7999877929688,776.7999877929688,10626
2015-10-28,793.0,799.0,768.0,772.7999877929688,772.7999877929688,28466
2015-10-29,779.8499755859375,792.0,775.0999755859375,776.0999755859375,776.0999755859375,10782
2015-10-30,783.25,787.0999755859375,750.5999755859375,757.2000122070312,757.2000122070312,7317
2015-11-02,761.4000244140625,790.0,741.0,754.2000122070312,754.2000122070312,11227
2015-11-03,763.0,789.0,762.9500122070312,784.8499755859375,784.8499755859375,33165
2015-11-04,784.9500122070312,795.5999755859375,765.0499877929688,767.7999877929688,767.7999877929688,10240
2015-11-05,775.4000244140625,779.9000244140625,746.5,765.4000244140625,765.4000244140625,19082
2015-11-06,775.0499877929688,778.7999877929688,755.0499877929688,759.5499877929688,759.5499877929688,10090
2015-11-09,778.0,817.6500244140625,755.0,799.9500122070312,799.9500122070312,26832
2015-11-10,808.0,808.0,767.8499755859375,771.1500244140625,771.1500244140625,7534
2015-11-13,775.0499877929688,779.5999755859375,755.0,765.7000122070312,765.7000122070312,8789
2015-11-16,780.0,780.0,742.5999755859375,760.25,760.25,11089
2015-11-17,758.5499877929688,779.9000244140625,742.1500244140625,745.5499877929688,745.5499877929688,26112
2015-11-18,758.7000122070312,766.0,742.0,753.0999755859375,753.0999755859375,22998
2015-11-19,760.0999755859375,777.0,753.25,767.4000244140625,767.4000244140625,32803
2015-11-20,778.5,814.0,758.0,797.0,797.0,28746
2015-11-23,806.0,818.0,783.0,791.9000244140625,791.9000244140625,68717
2015-11-24,773.0,810.9000244140625,773.0,798.5499877929688,798.5499877929688,64459
2015-11-26,799.7999877929688,802.0,776.2000122070312,789.2999877929688,789.2999877929688,5120
2015-11-27,789.9500122070312,799.0,770.0,773.5,773.5,5371
2015-11-30,778.5,786.9500122070312,775.0499877929688,781.4000244140625,781.4000244140625,5325
2015-12-01,799.9500122070312,799.9500122070312,776.0,782.0,782.0,5073
2015-12-02,780.0499877929688,795.0,780.0,788.5499877929688,788.5499877929688,42754
2015-12-03,792.9000244140625,849.0,760.0999755859375,825.5499877929688,825.5499877929688,32769
2015-12-04,823.7000122070312,823.7999877929688,792.0999755859375,795.6500244140625,795.6500244140625,12823
2015-12-07,798.3499755859375,809.0,772.0999755859375,778.25,778.25,68139
2015-12-08,778.0,794.4000244140625,759.9000244140625,766.5999755859375,766.5999755859375,9296
2015-12-09,766.0,775.9500122070312,750.0,769.5,769.5,9027
2015-12-10,770.75,798.8499755859375,755.5999755859375,792.7999877929688,792.7999877929688,8956
2015-12-11,800.0,800.0,761.7000122070312,768.5499877929688,768.5499877929688,7674
2015-12-14,758.0499877929688,774.9500122070312,750.0499877929688,755.0499877929688,755.0499877929688,4764
2015-12-15,766.0,774.0,760.2000122070312,764.6500244140625,764.6500244140625,4536
2015-12-16,767.9500122070312,785.0,760.0,762.8499755859375,762.8499755859375,4411
2015-12-17,773.9500122070312,787.9000244140625,768.0,785.2000122070312,785.2000122070312,87148
2015-12-18,790.5999755859375,797.0,781.0999755859375,784.9500122070312,784.9500122070312,3720
2015-12-21,771.0,789.9500122070312,771.0,774.0499877929688,774.0499877929688,7366
2015-12-22,784.0,788.0,762.1500244140625,764.7000122070312,764.7000122070312,3804
2015-12-23,779.0,779.0,759.0,764.5,764.5,8854
2015-12-24,770.0,789.0,765.9500122070312,782.2000122070312,782.2000122070312,86780
2015-12-28,783.9500122070312,799.9000244140625,783.9500122070312,792.3499755859375,792.3499755859375,6392
2015-12-29,800.0,832.4000244140625,790.0,818.6500244140625,818.6500244140625,27746
2015-12-30,817.9500122070312,825.0,785.5999755859375,793.7000122070312,793.7000122070312,22879
2015-12-31,804.9500122070312,810.0,775.5499877929688,795.0499877929688,795.0499877929688,14240
2016-01-01,799.75,815.0,795.0999755859375,808.25,808.25,12637
2016-01-04,804.9000244140625,810.0,785.5,789.0,789.0,8705
2016-01-05,782.2000122070312,800.0,771.0,777.1500244140625,777.1500244140625,12834
2016-01-06,765.0,781.5499877929688,765.0,772.8499755859375,772.8499755859375,5907
2016-01-07,742.1500244140625,770.0,728.9500122070312,735.2000122070312,735.2000122070312,16907
2016-01-08,761.0,761.0,740.0,743.9000244140625,743.9000244140625,8547
2016-01-11,745.0499877929688,745.5499877929688,712.2000122070312,735.7999877929688,735.7999877929688,5443
2016-01-12,742.0,756.9500122070312,726.0999755859375,730.0499877929688,730.0499877929688,8650
2016-01-13,735.0499877929688,741.9500122070312,670.0499877929688,689.25,689.25,12927
2016-01-14,656.1500244140625,710.0,656.0999755859375,691.0499877929688,691.0499877929688,50287
2016-01-15,694.0499877929688,705.7000122070312,650.5,661.4500122070312,661.4500122070312,7885
2016-01-18,689.0,689.0,602.5,608.9000244140625,608.9000244140625,9337
2016-01-19,634.0,634.0,595.5,603.5999755859375,603.5999755859375,30652
2016-01-20,603.0,603.0,572.9000244140625,581.0499877929688,581.0499877929688,11818
2016-01-21,609.9500122070312,609.9500122070312,575.5,590.6500244140625,590.6500244140625,127568
2016-01-22,608.9000244140625,608.9000244140625,578.0999755859375,600.2999877929688,600.2999877929688,105635
2016-01-25,622.0,625.0,588.0499877929688,600.75,600.75,10300
2016-01-27,617.0,623.7000122070312,590.0499877929688,602.5999755859375,602.5999755859375,36450
2016-01-28,601.0499877929688,611.4500122070312,601.0499877929688,603.0,603.0,5866
2016-01-29,601.0499877929688,617.4500122070312,601.0499877929688,612.7000122070312,612.7000122070312,12071
2016-02-01,620.0,645.8499755859375,615.0499877929688,642.7000122070312,642.7000122070312,27048
2016-02-02,640.0,659.0,621.0,624.6500244140625,624.6500244140625,9594
2016-02-03,620.0,620.0,603.0,606.7999877929688,606.7999877929688,4750
2016-02-04,625.0,635.0,585.2000122070312,593.75,593.75,18853
2016-02-05,590.0,615.0,585.0999755859375,610.2000122070312,610.2000122070312,4079
2016-02-08,619.0,629.0,600.0499877929688,622.1500244140625,622.1500244140625,7041
2016-02-09,621.9500122070312,640.0,595.0,619.4000244140625,619.4000244140625,17460
2016-02-10,629.0,651.0,615.1500244140625,638.7000122070312,638.7000122070312,20255
2016-02-11,637.5499877929688,641.0,581.7000122070312,611.5999755859375,611.5999755859375,32356
2016-02-12,610.0499877929688,700.0,593.0499877929688,658.9000244140625,658.9000244140625,35301
2016-02-15,680.0,749.0,666.5999755859375,711.6500244140625,711.6500244140625,46495
2016-02-16,720.0,733.8499755859375,700.25,706.5999755859375,706.5999755859375,18004
2016-02-17,690.0499877929688,736.1500244140625,653.0,720.0499877929688,720.0499877929688,30001
2016-02-18,729.5499877929688,750.5,725.2000122070312,739.5999755859375,739.5999755859375,20751
2016-02-19,738.75,738.75,681.7000122070312,687.5499877929688,687.5499877929688,55611
2016-02-22,690.0,708.0,686.2999877929688,693.0999755859375,693.0999755859375,10765
2016-02-23,698.9500122070312,699.0,667.4000244140625,672.5999755859375,672.5999755859375,7284
2016-02-24,667.25,669.2000122070312,654.0,659.0999755859375,659.0999755859375,8380
2016-02-25,653.8499755859375,668.1500244140625,645.0,653.0999755859375,653.0999755859375,8737
2016-02-26,663.5999755859375,674.9000244140625,650.0,652.5,652.5,4882
2016-02-29,650.0,660.0,624.9000244140625,649.4000244140625,649.4000244140625,8203
2016-03-01,652.4500122070312,683.7999877929688,641.2999877929688,671.7000122070312,671.7000122070312,10449
2016-03-02,661.7000122070312,707.0,661.7000122070312,693.0999755859375,693.0999755859375,7805
2016-03-03,709.0,709.0,678.0,690.0999755859375,690.0999755859375,4270
2016-03-04,686.25,710.0,680.0499877929688,693.2000122070312,693.2000122070312,4662
2016-03-08,715.0,715.0,670.0,678.5,678.5,16469
2016-03-09,697.7000122070312,697.7000122070312,671.0,677.9500122070312,677.9500122070312,6769
2016-03-10,680.0499877929688,684.9000244140625,659.0,674.2999877929688,674.2999877929688,12880
2016-03-11,665.0499877929688,683.0499877929688,665.0499877929688,673.0499877929688,673.0499877929688,9182
2016-03-14,675.0499877929688,690.0,674.0,685.0499877929688,685.0499877929688,8898
2016-03-15,677.75,698.7000122070312,662.4000244140625,687.5999755859375,687.5999755859375,11146
2016-03-16,685.0499877929688,699.75,678.0,695.6500244140625,695.6500244140625,19344
2016-03-17,705.0,715.0,690.0999755859375,694.25,694.25,10605
2016-03-18,710.0,739.5,685.0,726.5499877929688,726.5499877929688,11977
2016-03-21,705.5,739.5,695.7000122070312,709.0499877929688,709.0499877929688,14529
2016-03-22,716.0999755859375,716.0999755859375,698.0,701.4000244140625,701.4000244140625,7212
2016-03-23,698.5499877929688,714.0,697.0,705.3499755859375,705.3499755859375,5733
2016-03-28,723.9500122070312,723.9500122070312,681.7000122070312,689.3499755859375,689.3499755859375,4865
2016-03-29,684.75,694.6500244140625,676.0499877929688,680.5499877929688,680.5499877929688,5741
2016-03-30,686.1500244140625,726.0,685.5499877929688,723.0,723.0,9970
2016-03-31,711.0499877929688,738.9000244140625,706.0,708.5,708.5,21780
2016-04-01,723.0499877929688,723.0499877929688,702.0,713.9500122070312,713.9500122070312,5298
2016-04-04,705.0499877929688,731.4000244140625,705.0,717.6500244140625,717.6500244140625,9266
2016-04-05,716.5,728.0,710.0,718.9500122070312,718.9500122070312,7134
2016-04-06,715.0,753.0,715.0,744.5999755859375,744.5999755859375,6278
2016-04-07,747.0,757.7000122070312,731.5,746.7999877929688,746.7999877929688,8260
2016-04-08,745.9500122070312,769.7000122070312,738.7999877929688,762.7000122070312,762.7000122070312,11991
2016-04-11,769.0,783.7000122070312,754.0499877929688,764.5499877929688,764.5499877929688,4857
2016-04-12,756.1500244140625,790.6500244140625,756.1500244140625,772.8499755859375,772.8499755859375,20586
2016-04-13,783.0,790.0,756.0,759.5499877929688,759.5499877929688,8971
2016-04-18,779.25,779.25,742.7999877929688,764.5999755859375,764.5999755859375,5779
2016-04-20,765.0,779.0,756.9000244140625,774.3499755859375,774.3499755859375,6943
2016-04-21,775.0,783.0,765.1500244140625,769.75,769.75,3546
2016-04-22,759.2999877929688,804.0,758.0,796.9000244140625,796.9000244140625,14206
2016-04-25,782.0,798.0,775.0,780.7000122070312,780.7000122070312,2208
2016-04-26,779.9500122070312,784.25,774.9500122070312,780.9500122070312,780.9500122070312,2187
2016-04-27,780.0,780.0,766.5,772.1500244140625,772.1500244140625,4022
2016-04-28,777.9500122070312,779.0,748.0,752.7999877929688,752.7999877929688,4629
2016-04-29,750.5,771.0499877929688,740.0,746.0,746.0,4031
2016-05-02,734.0,805.0,725.2999877929688,800.5,800.5,29836
2016-05-03,786.0,814.2000122070312,766.0499877929688,771.8499755859375,771.8499755859375,51320
2016-05-04,775.0999755859375,782.9000244140625,758.0,763.4500122070312,763.4500122070312,4282
2016-05-05,761.3499755859375,769.0,740.0,743.2999877929688,743.2999877929688,6581
2016-05-06,735.0,761.9000244140625,725.0,731.6500244140625,731.6500244140625,6570
2016-05-09,764.0,764.0,732.0,734.5499877929688,734.5499877929688,44825
2016-05-10,728.1500244140625,748.0,727.0,734.4500122070312,734.4500122070312,2434
2016-05-11,725.0,770.0,725.0,766.7999877929688,766.7999877929688,16110
2016-05-12,773.7999877929688,782.0,759.9000244140625,771.7999877929688,771.7999877929688,10980
2016-05-13,777.25,782.0,751.5,758.0,758.0,2557
2016-05-16,751.0,774.9500122070312,751.0,754.1500244140625,754.1500244140625,1984
2016-05-17,751.0999755859375,774.4000244140625,751.0499877929688,758.4000244140625,758.4000244140625,2331
2016-05-18,755.0499877929688,773.0,755.0,758.1500244140625,758.1500244140625,2205
2016-05-19,760.0,785.0,755.4000244140625,759.8499755859375,759.8499755859375,4506
2016-05-20,774.7999877929688,776.0,710.0999755859375,717.0999755859375,717.0999755859375,25681
2016-05-23,733.0,740.0,709.0499877929688,715.3499755859375,715.3499755859375,11132
2016-05-24,720.0,724.9000244140625,705.0,710.5,710.5,5184
2016-05-25,708.0,719.0,692.0,702.1500244140625,702.1500244140625,30766
2016-05-26,710.0,713.0,701.0,706.5999755859375,706.5999755859375,7741
2016-05-27,708.0,720.0,702.1500244140625,712.7999877929688,712.7999877929688,3800
2016-05-30,738.0,738.0,691.7000122070312,719.4500122070312,719.4500122070312,5807
2016-05-31,718.0,732.0,702.5999755859375,715.0999755859375,715.0999755859375,61102
2016-06-01,723.8499755859375,729.9000244140625,684.4000244140625,698.25,698.25,15016
2016-06-02,695.0,702.0,680.0,689.5999755859375,689.5999755859375,47599
2016-06-03,680.0,717.0,680.0,709.25,709.25,13334
2016-06-06,714.9500122070312,715.0,695.0,701.6500244140625,701.6500244140625,6194
2016-06-07,697.0,707.0,695.0999755859375,700.9500122070312,700.9500122070312,5581
2016-06-08,696.2000122070312,709.9500122070312,696.0,703.2000122070312,703.2000122070312,3554
2016-06-09,704.2999877929688,707.0,693.5499877929688,700.5,700.5,6383
2016-06-10,695.0499877929688,703.0,690.0,695.0,695.0,4775
2016-06-13,688.0,703.7000122070312,683.0,694.9000244140625,694.9000244140625,2199
2016-06-14,700.0,716.7999877929688,695.0,701.0999755859375,701.0999755859375,13825
2016-06-15,700.0,714.0,696.0999755859375,701.9500122070312,701.9500122070312,7727
2016-06-16,698.0,703.0,696.0,700.9500122070312,700.9500122070312,10818
2016-06-17,700.0,710.0,694.0,701.25,701.25,4158
2016-06-20,688.7000122070312,712.4000244140625,688.7000122070312,704.8499755859375,704.8499755859375,7581
2016-06-21,705.0,705.0,697.1500244140625,700.5999755859375,700.5999755859375,4906
2016-06-22,699.0,713.0,697.0,710.0,710.0,29267
2016-06-23,710.0,718.0,705.9500122070312,711.5999755859375,711.5999755859375,12986
2016-06-24,707.0,707.0,654.0,692.7000122070312,692.7000122070312,5345
2016-06-27,709.5999755859375,709.6500244140625,681.7000122070312,689.25,689.25,5377
2016-06-28,700.0,709.9000244140625,689.5499877929688,698.5499877929688,698.5499877929688,15571
2016-06-29,700.0,705.0,690.0,691.1500244140625,691.1500244140625,5040
2016-06-30,692.7000122070312,705.0,690.0499877929688,692.5,692.5,2991
2016-07-01,688.0,705.0,688.0,696.25,696.25,3870
2016-07-04,702.0,702.0,691.2999877929688,696.5999755859375,696.5999755859375,3048
2016-07-05,699.5,699.5,690.0,690.4500122070312,690.4500122070312,2610
2016-07-07,712.0,712.0,688.2000122070312,690.9000244140625,690.9000244140625,3101
2016-07-08,699.6500244140625,699.9500122070312,690.2000122070312,690.5,690.5,7517
2016-07-11,700.0,711.0,690.0999755859375,691.3499755859375,691.3499755859375,7524
2016-07-12,703.75,703.75,690.2000122070312,695.5,695.5,6862
2016-07-13,701.9500122070312,701.9500122070312,691.0,694.5499877929688,694.5499877929688,3688
2016-07-14,694.0,699.0,688.0999755859375,691.3499755859375,691.3499755859375,3373
2016-07-15,699.4500122070312,699.4500122070312,682.2000122070312,688.1500244140625,688.1500244140625,2179
2016-07-18,690.0,692.0,674.0,678.4500122070312,678.4500122070312,4038
2016-07-19,681.0,681.0,663.0,667.9000244140625,667.9000244140625,3108
2016-07-20,676.9500122070312,676.9500122070312,660.0999755859375,663.9000244140625,663.9000244140625,5723
2016-07-21,671.7000122070312,675.0,661.0999755859375,665.5,665.5,4973
2016-07-22,655.7000122070312,671.7000122070312,646.0,651.5499877929688,651.5499877929688,3871
2016-07-25,655.0499877929688,658.0,626.2000122070312,630.9500122070312,630.9500122070312,8442
2016-07-26,644.0,645.0,616.0,638.9000244140625,638.9000244140625,10491
2016-07-27,640.0499877929688,645.0,632.0,636.3499755859375,636.3499755859375,3312
2016-07-28,640.0,650.0,635.0,645.4000244140625,645.4000244140625,3278
2016-07-29,645.1500244140625,668.0,638.0,653.8499755859375,653.8499755859375,7068
2016-08-01,668.0,668.0,652.0,662.7999877929688,662.7999877929688,5142
2016-08-02,663.0,675.0,645.5,651.0,651.0,6010
2016-08-03,659.5499877929688,663.9500122070312,645.5,654.6500244140625,654.6500244140625,6667
2016-08-04,630.0,630.0,544.0,549.1500244140625,549.1500244140625,136111
2016-08-05,550.5999755859375,580.0,550.0,561.5499877929688,561.5499877929688,44598
2016-08-08,575.0,578.0,560.0999755859375,562.0999755859375,562.0999755859375,10808
2016-08-09,573.7000122070312,573.75,545.0499877929688,549.25,549.25,10774
2016-08-10,560.9500122070312,561.0,533.0,534.6500244140625,534.6500244140625,10051
2016-08-11,543.0,543.0,518.0,520.3499755859375,520.3499755859375,14581
2016-08-12,520.0,539.7000122070312,495.0,525.4500122070312,525.4500122070312,56051
2016-08-16,525.5,534.9500122070312,520.0,527.5,527.5,6368
2016-08-17,529.7999877929688,539.0,525.0,527.4500122070312,527.4500122070312,5393
2016-08-18,527.5499877929688,532.75,519.0,524.5499877929688,524.5499877929688,5157
2016-08-19,523.0999755859375,539.9500122070312,518.0999755859375,521.5499877929688,521.5499877929688,7444
2016-08-22,521.0,524.9500122070312,490.70001220703125,498.20001220703125,498.20001220703125,17193
2016-08-23,509.0,510.0,493.6000061035156,504.75,504.75,5893
2016-08-24,509.79998779296875,519.7000122070312,502.29998779296875,513.9500122070312,513.9500122070312,4822
2016-08-25,530.0,564.0,517.0,520.7000122070312,520.7000122070312,109018
2016-08-26,526.0,529.7000122070312,508.75,512.9500122070312,512.9500122070312,11376
2016-08-29,512.0,520.0,505.1000061035156,513.4500122070312,513.4500122070312,17449
2016-08-30,515.0,520.0,509.0,510.1499938964844,510.1499938964844,13662
2016-08-31,501.25,518.9500122070312,501.25,510.29998779296875,510.29998779296875,6829
2016-09-01,514.9000244140625,514.9000244140625,496.0,499.29998779296875,499.29998779296875,7507
2016-09-02,505.3999938964844,505.3999938964844,480.0,484.20001220703125,484.20001220703125,9308
2016-09-06,497.8500061035156,532.7999877929688,481.70001220703125,501.1000061035156,501.1000061035156,111818
2016-09-07,504.8500061035156,507.3999938964844,488.04998779296875,494.6499938964844,494.6499938964844,62828
2016-09-08,488.0,499.0,477.5,486.45001220703125,486.45001220703125,30353
2016-09-09,493.0,493.0,481.0,484.70001220703125,484.70001220703125,20770
2016-09-12,481.1000061035156,481.1000061035156,464.0,467.29998779296875,467.29998779296875,12291
2016-09-14,465.0,475.0,465.0,466.8999938964844,466.8999938964844,11835
2016-09-15,466.04998779296875,474.95001220703125,466.0,470.1000061035156,470.1000061035156,10912
2016-09-16,473.8999938964844,487.8500061035156,463.70001220703125,473.5,473.5,12936
2016-09-19,473.5,475.0,467.0,468.95001220703125,468.95001220703125,35785
2016-09-20,470.0,470.0,460.1000061035156,467.6000061035156,467.6000061035156,9856
2016-09-21,469.3999938964844,475.0,465.0,470.70001220703125,470.70001220703125,11036
2016-09-22,474.79998779296875,475.0,465.6000061035156,468.95001220703125,468.95001220703125,44773
2016-09-23,465.04998779296875,478.79998779296875,465.04998779296875,470.3500061035156,470.3500061035156,11704
2016-09-26,466.1000061035156,475.0,457.25,466.1499938964844,466.1499938964844,31763
2016-09-27,473.70001220703125,479.0,465.0,468.25,468.25,11455
2016-09-28,472.75,474.29998779296875,460.0,463.54998779296875,463.54998779296875,17809
2016-09-29,464.3999938964844,472.0,458.29998779296875,463.3500061035156,463.3500061035156,10752
2016-09-30,463.0,469.8999938964844,435.5,460.8500061035156,460.8500061035156,14455
2016-10-03,464.79998779296875,475.0,442.3999938964844,468.95001220703125,468.95001220703125,41406
2016-10-04,474.95001220703125,474.95001220703125,458.20001220703125,460.3999938964844,460.3999938964844,23670
2016-10-05,462.0,470.5,459.0,461.04998779296875,461.04998779296875,15434
2016-10-06,459.29998779296875,468.0,459.0,460.25,460.25,16121
2016-10-07,468.0,468.0,456.20001220703125,459.8999938964844,459.8999938964844,12350
2016-10-10,474.0,474.0,459.04998779296875,461.0,461.0,15998
2016-10-13,458.1000061035156,468.0,458.1000061035156,460.54998779296875,460.54998779296875,6495
2016-10-14,465.8500061035156,494.0,455.04998779296875,474.1000061035156,474.1000061035156,28561
2016-10-17,480.0,488.8500061035156,460.5,463.45001220703125,463.45001220703125,10487
2016-10-18,466.8999938964844,467.0,456.29998779296875,464.1499938964844,464.1499938964844,8114
2016-10-19,470.0,507.0,460.0,486.29998779296875,486.29998779296875,46590
2016-10-20,489.6000061035156,493.29998779296875,475.0,477.95001220703125,477.95001220703125,11303
2016-10-21,470.1000061035156,482.0,466.0,475.70001220703125,475.70001220703125,7131
2016-10-24,487.5,487.5,469.54998779296875,471.6499938964844,471.6499938964844,4356
2016-10-25,478.0,478.0,466.5,468.25,468.25,32940
2016-10-26,473.20001220703125,495.45001220703125,460.20001220703125,464.0,464.0,57677
2016-10-27,464.20001220703125,472.0,460.25,462.3999938964844,462.3999938964844,7627
2016-10-28,468.29998779296875,468.70001220703125,462.1499938964844,462.8500061035156,462.8500061035156,2985
2016-11-01,465.04998779296875,483.95001220703125,465.04998779296875,469.8500061035156,469.8500061035156,6323
2016-11-02,472.45001220703125,472.5,461.0,464.8999938964844,464.8999938964844,5768
2016-11-03,460.54998779296875,467.8999938964844,451.0,451.95001220703125,451.95001220703125,5295
2016-11-04,450.0,455.0,440.1499938964844,442.04998779296875,442.04998779296875,6092
2016-11-07,443.04998779296875,456.0,440.25,442.95001220703125,442.95001220703125,6903
2016-11-08,450.0,450.0,440.45001220703125,443.95001220703125,443.95001220703125,2385
2016-11-09,435.0,444.79998779296875,391.54998779296875,436.8999938964844,436.8999938964844,15022
2016-11-10,487.0,487.0,420.0,425.70001220703125,425.70001220703125,109264
2016-11-11,417.5,428.79998779296875,405.0,408.45001220703125,408.45001220703125,35730
2016-11-15,408.0,408.0,381.0,382.75,382.75,31250
2016-11-16,389.0,398.0,362.70001220703125,369.29998779296875,369.29998779296875,13159
2016-11-17,370.0,375.8500061035156,360.04998779296875,362.1000061035156,362.1000061035156,9196
2016-11-18,364.0,387.0,357.0,362.5,362.5,22049
2016-11-21,370.0,379.0,336.5,346.3500061035156,346.3500061035156,15095
2016-11-22,342.20001220703125,353.0,330.0,331.75,331.75,14717
2016-11-23,332.29998779296875,338.25,313.5,319.04998779296875,319.04998779296875,74343
2016-11-24,320.0,334.70001220703125,310.29998779296875,318.8500061035156,318.8500061035156,31914
2016-11-25,322.0,327.20001220703125,313.1000061035156,314.79998779296875,314.79998779296875,53169
2016-11-28,315.0,347.8999938964844,310.04998779296875,319.6000061035156,319.6000061035156,232270
2016-11-29,324.95001220703125,326.95001220703125,304.1000061035156,306.5,306.5,142703
2016-11-30,312.8500061035156,318.70001220703125,308.54998779296875,313.20001220703125,313.20001220703125,110815
2016-12-01,315.0,342.5,314.0,333.45001220703125,333.45001220703125,285137
2016-12-02,334.8999938964844,340.79998779296875,323.0,325.8500061035156,325.8500061035156,60573
2016-12-05,329.20001220703125,333.70001220703125,323.04998779296875,324.20001220703125,324.20001220703125,23989
2016-12-06,326.8999938964844,332.6499938964844,323.5,327.0,327.0,36949
2016-12-07,323.0,329.5,317.5,318.79998779296875,318.79998779296875,27312
2016-12-08,320.0,324.70001220703125,312.0,316.25,316.25,100019
2016-12-09,316.29998779296875,321.0,311.0,311.95001220703125,311.95001220703125,61126
2016-12-12,312.0,319.04998779296875,299.0,300.95001220703125,300.95001220703125,84581
2016-12-13,299.95001220703125,305.3500061035156,293.70001220703125,298.1499938964844,298.1499938964844,43701
2016-12-14,299.8999938964844,301.0,287.25,289.95001220703125,289.95001220703125,139270
2016-12-15,285.04998779296875,319.0,285.0,301.3500061035156,301.3500061035156,715226
2016-12-16,304.0,351.0,303.0,344.1000061035156,344.1000061035156,1823430
2016-12-19,344.20001220703125,362.0,335.3500061035156,346.3999938964844,346.3999938964844,962285
2016-12-20,347.8500061035156,374.3999938964844,342.1499938964844,365.6000061035156,365.6000061035156,1195254
2016-12-21,366.0,376.5,358.1000061035156,361.45001220703125,361.45001220703125,463300
2016-12-22,360.79998779296875,361.0,340.20001220703125,344.0,344.0,186221
2016-12-23,341.0,353.0,337.0,339.25,339.25,159756
2016-12-26,338.0,338.0,317.0,319.6499938964844,319.6499938964844,166030
2016-12-27,320.0,341.75,319.25,332.45001220703125,332.45001220703125,198360
2016-12-28,332.0,343.5,330.75,333.3500061035156,333.3500061035156,127536
2016-12-29,336.0,343.6000061035156,333.0,335.1000061035156,335.1000061035156,78895
2016-12-30,335.1000061035156,342.5,332.0,333.45001220703125,333.45001220703125,72623
2017-01-02,334.1000061035156,354.79998779296875,331.0,349.3999938964844,349.3999938964844,224946
2017-01-03,349.6000061035156,353.29998779296875,345.0,348.5,348.5,82659
2017-01-04,346.0,386.70001220703125,346.0,380.25,380.25,1133558
2017-01-05,384.1000061035156,396.45001220703125,380.6000061035156,385.3500061035156,385.3500061035156,486100
2017-01-06,388.70001220703125,388.70001220703125,368.95001220703125,372.54998779296875,372.54998779296875,126507
2017-01-09,374.6000061035156,396.75,372.0,385.8500061035156,385.8500061035156,277882
2017-01-10,389.0,397.20001220703125,385.04998779296875,391.20001220703125,391.20001220703125,275380
2017-01-11,394.5,394.79998779296875,380.0,382.8500061035156,382.8500061035156,95535
2017-01-12,385.0,392.0,380.0,380.75,380.75,103264
2017-01-13,388.0,388.0,375.1000061035156,376.95001220703125,376.95001220703125,60955
2017-01-16,376.0,383.0,365.1499938964844,375.70001220703125,375.70001220703125,125454
2017-01-17,378.25,384.8999938964844,376.0,378.3999938964844,378.3999938964844,70977
2017-01-18,380.6000061035156,386.29998779296875,375.0,378.25,378.25,81348
2017-01-19,375.25,384.1499938964844,375.1000061035156,376.3500061035156,376.3500061035156,56586
2017-01-20,377.25,377.25,361.6000061035156,366.8500061035156,366.8500061035156,47633
2017-01-23,365.45001220703125,379.0,361.6000061035156,373.1499938964844,373.1499938964844,118867
2017-01-24,376.25,406.6499938964844,376.25,394.54998779296875,394.54998779296875,532625
2017-01-25,394.95001220703125,404.29998779296875,393.95001220703125,396.3500061035156,396.3500061035156,115145
2017-01-27,396.0,399.04998779296875,386.0,387.45001220703125,387.45001220703125,56529
2017-01-30,388.0,388.0,374.79998779296875,375.75,375.75,49795
2017-01-31,377.5,380.8999938964844,368.0,369.3500061035156,369.3500061035156,52654
2017-02-01,371.5,378.5,363.04998779296875,374.0,374.0,40628
2017-02-02,377.0,381.20001220703125,373.0,374.95001220703125,374.95001220703125,34188
2017-02-03,375.8999938964844,386.75,375.8999938964844,378.75,378.75,50851
2017-02-06,380.45001220703125,391.8999938964844,380.45001220703125,384.1499938964844,384.1499938964844,56825
2017-02-07,381.0,398.0,381.0,387.04998779296875,387.04998779296875,115619
2017-02-08,377.79998779296875,377.79998779296875,358.1499938964844,360.29998779296875,360.29998779296875,220744
2017-02-09,365.0,369.45001220703125,356.0,357.79998779296875,357.79998779296875,74274
2017-02-10,359.8500061035156,364.0,356.0,358.25,358.25,41728
2017-02-13,359.5,360.95001220703125,347.54998779296875,351.29998779296875,351.29998779296875,47478
2017-02-14,349.5,358.3999938964844,346.3500061035156,349.20001220703125,349.20001220703125,31278
2017-02-15,349.1000061035156,352.95001220703125,335.0,336.8500061035156,336.8500061035156,35327
2017-02-16,341.95001220703125,348.0,335.20001220703125,343.04998779296875,343.04998779296875,29743
2017-02-17,343.8500061035156,347.45001220703125,340.1000061035156,342.29998779296875,342.29998779296875,27314
2017-02-20,344.54998779296875,350.1000061035156,340.1499938964844,343.70001220703125,343.70001220703125,26538
2017-02-21,341.0,369.0,341.0,358.3500061035156,358.3500061035156,163409
2017-02-22,361.5,374.8999938964844,355.54998779296875,362.45001220703125,362.45001220703125,199112
2017-02-23,365.70001220703125,380.8999938964844,363.95001220703125,374.20001220703125,374.20001220703125,171465
2017-02-27,375.8500061035156,385.0,370.04998779296875,377.1000061035156,377.1000061035156,67959
2017-02-28,379.75,382.8999938964844,375.04998779296875,376.3500061035156,376.3500061035156,36751
2017-03-01,378.0,381.8999938964844,377.45001220703125,379.04998779296875,379.04998779296875,45659
2017-03-02,381.54998779296875,381.54998779296875,362.0,364.1499938964844,364.1499938964844,38526
2017-03-03,364.70001220703125,368.8500061035156,358.54998779296875,362.6499938964844,362.6499938964844,29410
2017-03-06,361.0,369.0,360.0,361.1000061035156,361.1000061035156,18714
2017-03-07,362.6000061035156,366.8999938964844,357.0,358.70001220703125,358.70001220703125,19108
2017-03-08,360.0,362.6499938964844,349.3999938964844,350.6000061035156,350.6000061035156,22813
2017-03-09,351.0,354.8500061035156,346.1000061035156,349.8500061035156,349.8500061035156,22752
2017-03-10,345.0,358.3999938964844,345.0,349.6499938964844,349.6499938964844,13486
2017-03-14,354.5,370.0,352.45001220703125,355.95001220703125,355.95001220703125,67681
2017-03-15,358.3500061035156,359.75,349.0,350.75,350.75,43301
2017-03-16,353.8999938964844,357.5,352.5,354.29998779296875,354.29998779296875,16570
2017-03-17,357.0,357.0,351.0,351.75,351.75,20771
2017-03-20,353.20001220703125,359.79998779296875,347.25,350.54998779296875,350.54998779296875,37749
2017-03-21,353.0,359.70001220703125,348.0,350.8500061035156,350.8500061035156,46372
2017-03-22,347.8500061035156,354.3999938964844,343.20001220703125,344.79998779296875,344.79998779296875,32829
2017-03-23,346.1000061035156,353.79998779296875,346.1000061035156,348.6000061035156,348.6000061035156,26178
2017-03-24,349.29998779296875,361.70001220703125,349.29998779296875,358.70001220703125,358.70001220703125,78315
2017-03-27,359.95001220703125,360.0,350.0,351.75,351.75,31281
2017-03-28,350.1499938964844,354.95001220703125,350.0,351.1499938964844,351.1499938964844,23154
2017-03-29,353.95001220703125,383.0,350.0,372.6000061035156,372.6000061035156,224570
2017-03-30,371.5,395.0,371.5,391.6000061035156,391.6000061035156,357682
2017-03-31,390.0,401.3999938964844,380.04998779296875,384.29998779296875,384.29998779296875,120840
2017-04-03,387.29998779296875,395.0,384.70001220703125,391.20001220703125,391.20001220703125,46550
2017-04-05,391.25,421.8999938964844,377.04998779296875,413.5,413.5,347640
2017-04-06,415.0,417.3500061035156,402.0,404.6000061035156,404.6000061035156,66459
2017-04-07,400.0,420.0,400.0,404.1000061035156,404.1000061035156,81889
2017-04-10,408.04998779296875,416.20001220703125,398.0,401.6000061035156,401.6000061035156,30728
2017-04-11,401.6000061035156,408.20001220703125,397.0,398.3500061035156,398.3500061035156,34142
2017-04-12,402.6000061035156,402.6000061035156,385.0,387.04998779296875,387.04998779296875,43725
2017-04-13,392.0,400.75,385.25,387.6499938964844,387.6499938964844,26638
2017-04-17,395.0,417.0,394.3500061035156,408.3500061035156,408.3500061035156,154826
2017-04-18,411.75,423.8999938964844,396.1499938964844,402.6000061035156,402.6000061035156,175028
2017-04-19,400.0,407.6000061035156,396.0,399.0,399.0,48021
2017-04-20,402.95001220703125,413.6000061035156,400.0,409.6499938964844,409.6499938964844,38239
2017-04-21,411.54998779296875,421.3500061035156,406.0,411.54998779296875,411.54998779296875,61314
2017-04-24,412.95001220703125,414.79998779296875,399.20001220703125,402.1499938964844,402.1499938964844,34148
2017-04-25,405.79998779296875,407.79998779296875,400.0,401.04998779296875,401.04998779296875,22996
2017-04-26,404.8500061035156,423.8999938964844,403.0,410.54998779296875,410.54998779296875,198009
2017-04-27,410.0,415.0,405.6499938964844,409.04998779296875,409.04998779296875,34323
2017-04-28,408.0,415.0,402.8999938964844,404.95001220703125,404.95001220703125,38924
2017-05-02,405.04998779296875,408.3500061035156,399.29998779296875,400.79998779296875,400.79998779296875,23571
2017-05-03,403.95001220703125,404.8999938964844,394.0,395.45001220703125,395.45001220703125,20497
2017-05-04,398.3999938964844,403.0,390.6000061035156,392.25,392.25,22475
2017-05-05,393.04998779296875,400.3500061035156,386.0,387.70001220703125,387.70001220703125,25834
2017-05-08,387.95001220703125,395.3999938964844,387.1000061035156,387.6499938964844,387.6499938964844,25299
2017-05-09,393.0,393.0,387.0,387.29998779296875,387.29998779296875,14086
2017-05-10,387.8500061035156,390.79998779296875,383.20001220703125,385.1000061035156,385.1000061035156,18151
2017-05-11,383.5,403.54998779296875,380.6000061035156,384.79998779296875,384.79998779296875,83012
2017-05-12,384.5,389.0,378.1000061035156,380.0,380.0,26941
2017-05-15,379.95001220703125,383.8500061035156,365.29998779296875,369.25,369.25,38216
2017-05-16,369.04998779296875,372.3500061035156,355.0,357.25,357.25,41864
2017-05-17,363.54998779296875,372.45001220703125,359.0,365.6499938964844,365.6499938964844,46086
2017-05-18,366.95001220703125,368.8500061035156,348.0,352.79998779296875,352.79998779296875,30857
2017-05-19,354.95001220703125,362.3999938964844,348.0,348.54998779296875,348.54998779296875,29837
2017-05-22,350.45001220703125,355.0,346.0,346.8999938964844,346.8999938964844,27005
2017-05-23,348.6000061035156,349.45001220703125,339.25,341.20001220703125,341.20001220703125,30292
2017-05-24,339.1000061035156,343.3500061035156,328.5,330.75,330.75,25270
2017-05-25,328.54998779296875,335.8999938964844,328.0,329.6000061035156,329.6000061035156,16340
2017-05-26,333.6499938964844,339.8999938964844,331.29998779296875,336.3500061035156,336.3500061035156,37139
2017-05-29,330.0,336.95001220703125,323.54998779296875,325.1000061035156,325.1000061035156,25228
2017-05-30,323.45001220703125,328.3999938964844,322.45001220703125,324.54998779296875,324.54998779296875,16248
2017-05-31,320.04998779296875,360.95001220703125,320.04998779296875,338.6499938964844,338.6499938964844,149770
2017-06-01,340.0,353.1499938964844,339.0,345.8500061035156,345.8500061035156,51209
2017-06-02,347.0,347.0,315.04998779296875,326.70001220703125,326.70001220703125,207762
2017-06-05,330.0,341.04998779296875,325.1499938964844,329.6000061035156,329.6000061035156,71592
2017-06-06,332.6499938964844,333.95001220703125,322.95001220703125,325.3999938964844,325.3999938964844,29888
2017-06-07,327.5,334.79998779296875,324.04998779296875,328.0,328.0,30663
2017-06-08,329.8999938964844,333.0,324.20001220703125,327.6000061035156,327.6000061035156,43227
2017-06-09,326.04998779296875,328.95001220703125,318.5,320.45001220703125,320.45001220703125,45244
2017-06-12,322.0,323.6000061035156,316.29998779296875,317.8500061035156,317.8500061035156,29734
2017-06-13,319.0,324.8999938964844,315.1000061035156,316.70001220703125,316.70001220703125,27612
2017-06-14,316.70001220703125,320.0,313.1000061035156,314.1499938964844,314.1499938964844,21225
2017-06-15,316.8999938964844,333.0,312.04998779296875,328.8999938964844,328.8999938964844,117464
2017-06-16,326.1499938964844,334.3999938964844,323.04998779296875,324.20001220703125,324.20001220703125,34306
2017-06-19,327.0,327.0,322.0,322.70001220703125,322.70001220703125,21287
2017-06-20,326.5,337.5,322.29998779296875,332.25,332.25,73087
2017-06-21,334.95001220703125,340.70001220703125,333.8999938964844,335.75,335.75,77684
2017-06-22,335.75,339.5,333.0,334.8999938964844,334.8999938964844,27978
2017-06-23,335.0,336.1000061035156,327.1499938964844,332.04998779296875,332.04998779296875,26425
2017-06-27,332.0,334.20001220703125,325.5,327.6499938964844,327.6499938964844,17448
2017-06-28,323.5,337.5,322.0,329.3500061035156,329.3500061035156,19007
2017-06-29,331.25,336.45001220703125,327.20001220703125,330.8500061035156,330.8500061035156,8881
2017-06-30,330.8999938964844,333.79998779296875,326.0,327.5,327.5,10222
2017-07-03,328.6000061035156,334.0,327.95001220703125,328.1499938964844,328.1499938964844,13411
2017-07-04,329.0,331.3999938964844,323.6000061035156,327.25,327.25,23886
2017-07-05,330.0,350.0,327.5,342.20001220703125,342.20001220703125,122975
2017-07-06,345.45001220703125,345.45001220703125,335.04998779296875,336.0,336.0,19744
2017-07-07,336.0,345.8500061035156,336.0,339.54998779296875,339.54998779296875,20406
2017-07-10,343.0,345.0,330.1000061035156,337.3500061035156,337.3500061035156,5763
2017-07-11,341.95001220703125,345.3999938964844,338.0,339.75,339.75,17885
2017-07-12,337.04998779296875,342.95001220703125,335.5,336.1000061035156,336.1000061035156,13784
2017-07-13,336.5,351.3500061035156,334.54998779296875,345.75,345.75,92233
2017-07-14,350.6000061035156,389.70001220703125,346.29998779296875,376.25,376.25,567710
2017-07-17,378.0,404.79998779296875,378.0,400.29998779296875,400.29998779296875,463342
2017-07-18,399.8999938964844,400.0,380.79998779296875,384.25,384.25,83220
2017-07-19,386.0,414.79998779296875,386.0,399.1499938964844,399.1499938964844,352182
2017-07-20,402.0,410.8999938964844,392.04998779296875,403.45001220703125,403.45001220703125,237912
2017-07-21,406.79998779296875,415.79998779296875,398.3500061035156,403.29998779296875,403.29998779296875,108281
2017-07-24,406.1499938964844,406.95001220703125,398.0,400.95001220703125,400.95001220703125,43043
2017-07-25,402.0,434.95001220703125,401.29998779296875,424.6499938964844,424.6499938964844,511726
2017-07-26,426.25,456.0,425.04998779296875,442.8500061035156,442.8500061035156,461690
2017-07-27,446.45001220703125,450.54998779296875,427.6499938964844,432.04998779296875,432.04998779296875,116391
2017-07-28,429.8999938964844,451.0,423.54998779296875,438.0,438.0,165089
2017-07-31,441.1000061035156,441.1000061035156,427.0,431.8500061035156,431.8500061035156,65865
2017-08-01,435.29998779296875,435.29998779296875,426.5,428.70001220703125,428.70001220703125,41937
2017-08-02,429.0,441.95001220703125,429.0,434.75,434.75,91308
2017-08-03,439.5,441.6000061035156,394.1499938964844,401.8500061035156,401.8500061035156,150971
2017-08-04,404.95001220703125,404.95001220703125,378.70001220703125,382.1000061035156,382.1000061035156,238217
2017-08-07,390.0,397.3500061035156,381.0,386.25,386.25,69679
2017-08-08,389.8500061035156,395.1000061035156,375.70001220703125,380.70001220703125,380.70001220703125,44817
2017-08-09,375.1000061035156,384.54998779296875,368.1499938964844,370.70001220703125,370.70001220703125,36058
2017-08-10,369.70001220703125,375.0,346.70001220703125,352.54998779296875,352.54998779296875,68719
2017-08-11,355.70001220703125,355.70001220703125,325.0,345.1000061035156,345.1000061035156,39240
2017-08-14,350.75,365.8999938964844,350.75,360.8999938964844,360.8999938964844,30915
2017-08-16,364.5,365.0,355.0,358.20001220703125,358.20001220703125,26575
2017-08-17,359.75,363.6499938964844,338.95001220703125,343.45001220703125,343.45001220703125,114558
2017-08-18,343.8999938964844,349.0,341.25,345.8500061035156,345.8500061035156,35862
2017-08-21,354.0,354.0,340.6000061035156,342.25,342.25,31511
2017-08-22,340.5,368.0,340.5,363.79998779296875,363.79998779296875,212643
2017-08-23,369.95001220703125,371.29998779296875,356.0,357.95001220703125,357.95001220703125,57097
2017-08-24,361.5,361.5,346.0,347.6499938964844,347.6499938964844,37141
2017-08-28,351.0,358.79998779296875,349.1000061035156,353.6000061035156,353.6000061035156,27689
2017-08-29,351.95001220703125,365.8999938964844,348.6499938964844,353.3500061035156,353.3500061035156,87149
2017-08-30,359.25,387.04998779296875,355.20001220703125,380.95001220703125,380.95001220703125,106307
2017-08-31,384.0,391.6000061035156,382.79998779296875,386.70001220703125,386.70001220703125,50259
2017-09-01,390.0,395.75,384.0,387.25,387.25,46272
2017-09-04,386.95001220703125,398.29998779296875,385.3999938964844,388.6499938964844,388.6499938964844,48198
2017-09-05,390.0,397.8999938964844,342.0,386.3500061035156,386.3500061035156,68814
2017-09-06,395.0,395.0,384.0,389.5,389.5,26152
2017-09-07,388.0,393.5,381.0,383.3999938964844,383.3999938964844,24675
2017-09-08,384.5,393.0,383.0,384.04998779296875,384.04998779296875,23133
2017-09-11,381.04998779296875,411.0,375.75,408.1000061035156,408.1000061035156,133012
2017-09-12,412.0,412.0,400.04998779296875,403.3500061035156,403.3500061035156,51137
2017-09-13,406.0,411.8500061035156,401.1000061035156,403.70001220703125,403.70001220703125,39971
2017-09-14,405.0,409.0,398.6499938964844,401.45001220703125,401.45001220703125,12806
2017-09-15,393.6000061035156,405.95001220703125,385.3999938964844,402.6499938964844,402.6499938964844,29798
2017-09-18,408.79998779296875,408.79998779296875,397.20001220703125,402.3500061035156,402.3500061035156,37390
2017-09-19,400.04998779296875,419.45001220703125,399.8500061035156,405.3999938964844,405.3999938964844,57463
2017-09-20,403.20001220703125,417.0,403.0,410.6499938964844,410.6499938964844,43654
2017-09-21,411.5,419.8999938964844,408.6499938964844,414.20001220703125,414.20001220703125,70142
2017-09-22,409.1000061035156,417.70001220703125,404.0,405.6000061035156,405.6000061035156,52239
2017-09-25,405.6000061035156,405.6000061035156,375.0,384.6499938964844,384.6499938964844,21343
2017-09-26,386.0,394.75,380.1499938964844,385.54998779296875,385.54998779296875,26985
2017-09-27,389.8999938964844,399.70001220703125,363.0,367.1499938964844,367.1499938964844,29717
2017-09-28,369.8999938964844,380.0,364.1499938964844,372.45001220703125,372.45001220703125,30373
2017-09-29,372.45001220703125,389.8999938964844,372.45001220703125,382.3999938964844,382.3999938964844,31050
2017-10-03,382.3999938964844,386.1000061035156,373.0,375.04998779296875,375.04998779296875,15302
2017-10-04,375.04998779296875,378.45001220703125,368.04998779296875,372.79998779296875,372.79998779296875,16397
2017-10-05,372.0,378.6499938964844,368.8999938964844,371.20001220703125,371.20001220703125,28239
2017-10-06,376.8999938964844,398.0,374.75,389.79998779296875,389.79998779296875,41043
2017-10-09,389.79998779296875,393.54998779296875,380.1000061035156,382.1000061035156,382.1000061035156,114617
2017-10-10,385.8999938964844,388.79998779296875,377.25,379.45001220703125,379.45001220703125,15697
2017-10-11,384.0,384.1000061035156,364.0,369.29998779296875,369.29998779296875,22745
2017-10-12,367.0,375.0,365.0,366.79998779296875,366.79998779296875,33441
2017-10-13,366.79998779296875,370.5,357.79998779296875,363.1499938964844,363.1499938964844,30606
2017-10-16,364.0,372.70001220703125,358.0,362.45001220703125,362.45001220703125,48814
2017-10-17,363.0,371.5,362.54998779296875,366.79998779296875,366.79998779296875,15608
2017-10-18,368.20001220703125,377.0,364.04998779296875,371.3500061035156,371.3500061035156,16753
2017-10-19,378.6499938964844,380.0,372.1499938964844,376.6000061035156,376.6000061035156,11206
2017-10-23,370.04998779296875,390.0,368.20001220703125,373.95001220703125,373.95001220703125,21539
2017-10-24,378.95001220703125,428.0,372.8999938964844,411.20001220703125,411.20001220703125,824259
2017-10-25,415.95001220703125,417.8999938964844,391.0,398.1499938964844,398.1499938964844,77155
2017-10-26,395.0,411.0,391.04998779296875,403.5,403.5,49383
2017-10-27,406.75,418.0,392.0,402.75,402.75,54621
2017-10-30,402.75,417.1000061035156,397.0,410.20001220703125,410.20001220703125,29451
2017-10-31,403.54998779296875,425.8999938964844,403.5,419.75,419.75,86050
2017-11-01,425.04998779296875,465.54998779296875,419.1499938964844,454.70001220703125,454.70001220703125,566941
2017-11-02,460.8999938964844,470.0,421.3999938964844,435.3999938964844,435.3999938964844,216425
2017-11-03,435.0,443.0,425.1000061035156,430.75,430.75,64033
2017-11-06,430.6000061035156,444.95001220703125,429.95001220703125,434.95001220703125,434.95001220703125,37915
2017-11-07,439.1000061035156,454.3999938964844,436.95001220703125,442.54998779296875,442.54998779296875,125303
2017-11-08,442.54998779296875,455.0,436.0,441.1499938964844,441.1499938964844,46828
2017-11-09,446.04998779296875,448.3500061035156,428.29998779296875,432.25,432.25,19667
2017-11-10,434.20001220703125,434.20001220703125,421.45001220703125,423.0,423.0,15931
2017-11-13,424.04998779296875,431.04998779296875,397.3999938964844,400.1499938964844,400.1499938964844,55939
2017-11-14,401.0,419.0,401.0,406.75,406.75,33051
2017-11-15,406.79998779296875,406.79998779296875,392.3999938964844,393.8500061035156,393.8500061035156,14617
2017-11-16,397.8500061035156,407.0,397.79998779296875,403.8999938964844,403.8999938964844,19579
2017-11-17,407.04998779296875,413.95001220703125,398.0,400.6000061035156,400.6000061035156,16839
2017-11-20,402.54998779296875,427.0,402.5,410.8999938964844,410.8999938964844,35326
2017-11-21,410.95001220703125,420.0,408.79998779296875,411.29998779296875,411.29998779296875,18994
2017-11-22,412.8500061035156,426.0,412.0,417.3999938964844,417.3999938964844,53751
2017-11-23,430.8500061035156,434.8999938964844,421.6499938964844,427.25,427.25,45546
2017-11-24,427.54998779296875,430.75,410.0,412.3500061035156,412.3500061035156,41404
2017-11-27,412.0,436.75,412.0,424.04998779296875,424.04998779296875,103580
2017-11-28,427.8999938964844,434.70001220703125,421.0,423.29998779296875,423.29998779296875,25126
2017-11-29,425.20001220703125,457.3500061035156,425.1000061035156,442.1499938964844,442.1499938964844,129800
2017-11-30,442.1499938964844,444.0,431.1000061035156,433.04998779296875,433.04998779296875,36821
2017-12-01,439.04998779296875,464.95001220703125,437.3999938964844,451.54998779296875,451.54998779296875,138490
2017-12-04,459.95001220703125,502.0,453.0,483.3999938964844,483.3999938964844,567609
2017-12-05,486.70001220703125,488.70001220703125,465.70001220703125,468.54998779296875,468.54998779296875,134993
2017-12-06,469.29998779296875,495.5,467.3999938964844,476.45001220703125,476.45001220703125,199576
2017-12-07,479.79998779296875,489.3500061035156,472.29998779296875,474.1000061035156,474.1000061035156,61556
2017-12-08,478.29998779296875,483.95001220703125,467.1000061035156,471.0,471.0,47671
2017-12-11,475.1499938964844,501.29998779296875,475.1499938964844,493.95001220703125,493.95001220703125,132650
2017-12-12,498.8999938964844,530.9000244140625,495.20001220703125,513.25,513.25,620478
2017-12-13,516.3499755859375,523.0,487.54998779296875,493.70001220703125,493.70001220703125,148534
2017-12-14,495.0,502.3500061035156,481.79998779296875,489.20001220703125,489.20001220703125,41645
2017-12-15,492.70001220703125,499.95001220703125,487.0,489.6000061035156,489.6000061035156,23705
2017-12-18,485.0,499.79998779296875,415.0,487.75,487.75,42239
2017-12-19,492.0,511.70001220703125,492.0,503.8500061035156,503.8500061035156,86410
2017-12-20,505.0,520.9500122070312,500.95001220703125,511.0,511.0,105715
2017-12-21,515.1500244140625,521.5999755859375,503.54998779296875,505.95001220703125,505.95001220703125,56471
2017-12-22,509.0,543.0,503.0,531.0999755859375,531.0999755859375,181061
2017-12-26,535.5,543.7000122070312,530.0,533.7000122070312,533.7000122070312,58854
2017-12-27,537.3499755859375,538.0,522.0,525.25,525.25,36162
2017-12-28,526.0,538.9000244140625,526.0,527.1500244140625,527.1500244140625,52013
2017-12-29,534.0,535.0,522.0,526.7000122070312,526.7000122070312,31891
2018-01-01,531.0,531.8499755859375,521.9500122070312,525.8499755859375,525.8499755859375,31225
2018-01-02,523.0,571.7999877929688,514.9000244140625,559.8499755859375,559.8499755859375,536417
2018-01-03,565.0,569.9000244140625,555.0,562.3499755859375,562.3499755859375,85591
2018-01-04,560.9000244140625,566.9500122070312,553.2999877929688,558.3499755859375,558.3499755859375,34779
2018-01-05,565.9000244140625,566.0,536.0999755859375,541.0,541.0,91046
2018-01-08,549.8499755859375,549.8499755859375,540.0499877929688,543.5999755859375,543.5999755859375,50625
2018-01-09,548.0,554.3499755859375,525.0,537.9000244140625,537.9000244140625,67601
2018-01-10,537.9000244140625,554.0,533.5999755859375,549.8499755859375,549.8499755859375,56288
2018-01-11,552.0,572.4000244140625,543.2000122070312,549.7999877929688,549.7999877929688,196187
2018-01-12,555.0,560.0,545.0,548.4500122070312,548.4500122070312,35527
2018-01-15,549.9500122070312,556.0,543.0499877929688,552.4000244140625,552.4000244140625,28814
2018-01-16,553.9500122070312,557.0999755859375,532.0499877929688,537.1500244140625,537.1500244140625,51975
2018-01-17,541.8499755859375,544.4500122070312,525.0,538.1500244140625,538.1500244140625,24692
2018-01-18,533.25,548.9500122070312,512.0999755859375,517.2999877929688,517.2999877929688,37444
2018-01-19,520.0,522.2000122070312,502.54998779296875,511.04998779296875,511.04998779296875,22144
2018-01-22,502.0,524.0,502.0,510.3500061035156,510.3500061035156,27069
2018-01-23,514.0,516.9500122070312,491.1000061035156,499.3999938964844,499.3999938964844,31375
2018-01-24,497.0,550.7999877929688,496.6000061035156,529.9000244140625,529.9000244140625,178704
2018-01-25,529.0,537.75,502.0,507.95001220703125,507.95001220703125,70506
2018-01-29,505.0,529.0,495.0,501.95001220703125,501.95001220703125,44748
2018-01-30,504.25,516.0,501.0,503.0,503.0,22591
2018-01-31,505.0,509.5,491.0,498.3999938964844,498.3999938964844,20035
2018-02-01,500.6000061035156,500.6000061035156,480.0,484.3999938964844,484.3999938964844,21767
2018-02-02,482.04998779296875,493.3999938964844,450.0,478.79998779296875,478.79998779296875,37871
2018-02-05,465.04998779296875,468.70001220703125,444.0,461.5,461.5,28028
2018-02-06,449.8500061035156,456.45001220703125,435.5,446.95001220703125,446.95001220703125,20164
2018-02-07,450.0,469.95001220703125,450.0,459.1499938964844,459.1499938964844,25099
2018-02-08,455.0,478.6499938964844,445.0,460.79998779296875,460.79998779296875,49153
2018-02-09,450.0,465.0,442.04998779296875,458.20001220703125,458.20001220703125,20910
2018-02-12,455.1000061035156,471.1000061035156,450.0,452.79998779296875,452.79998779296875,29428
2018-02-14,458.8500061035156,473.54998779296875,450.04998779296875,454.0,454.0,46129
2018-02-15,458.95001220703125,480.0,455.0,470.20001220703125,470.20001220703125,78766
2018-02-16,474.8999938964844,483.0,453.1000061035156,459.6499938964844,459.6499938964844,60288
2018-02-19,464.0,465.29998779296875,444.54998779296875,448.54998779296875,448.54998779296875,20311
2018-02-20,452.1499938964844,456.0,440.04998779296875,443.45001220703125,443.45001220703125,16872
2018-02-21,446.0,450.0,432.8500061035156,437.75,437.75,13971
2018-02-22,436.95001220703125,449.54998779296875,434.04998779296875,447.3999938964844,447.3999938964844,28229
2018-02-23,441.20001220703125,460.70001220703125,441.20001220703125,456.1000061035156,456.1000061035156,25226
2018-02-26,462.95001220703125,465.8999938964844,455.29998779296875,460.79998779296875,460.79998779296875,14824
2018-02-27,464.8500061035156,465.0,456.04998779296875,460.95001220703125,460.95001220703125,7897
2018-02-28,450.54998779296875,463.8999938964844,450.54998779296875,460.20001220703125,460.20001220703125,11614
2018-03-01,464.45001220703125,464.45001220703125,445.04998779296875,447.1000061035156,447.1000061035156,11183
2018-03-05,442.04998779296875,454.79998779296875,439.1499938964844,452.3999938964844,452.3999938964844,13136
2018-03-06,459.0,461.0,440.70001220703125,446.20001220703125,446.20001220703125,13293
2018-03-07,440.0,444.45001220703125,424.0,426.20001220703125,426.20001220703125,21029
2018-03-08,431.0,438.0,420.0,425.6499938964844,425.6499938964844,14655
2018-03-09,426.04998779296875,429.5,420.0,421.45001220703125,421.45001220703125,17755
2018-03-12,422.79998779296875,433.04998779296875,411.70001220703125,423.95001220703125,423.95001220703125,25344
2018-03-13,425.0,428.0,413.6499938964844,417.20001220703125,417.20001220703125,23028
2018-03-14,417.20001220703125,424.6000061035156,412.8500061035156,421.8500061035156,421.8500061035156,7154
2018-03-15,420.20001220703125,434.0,418.79998779296875,420.75,420.75,32551
2018-03-16,422.0,430.0,410.25,415.0,415.0,25379
2018-03-19,417.8999938964844,420.0,393.0,394.20001220703125,394.20001220703125,30382
2018-03-20,385.0,397.1499938964844,377.95001220703125,391.1000061035156,391.1000061035156,34061
2018-03-21,397.95001220703125,407.95001220703125,386.5,388.79998779296875,388.79998779296875,25473
2018-03-22,390.04998779296875,393.8999938964844,377.3999938964844,380.75,380.75,30516
2018-03-23,377.70001220703125,377.70001220703125,362.0,363.54998779296875,363.54998779296875,25017
2018-03-26,360.0,371.0,360.0,367.3500061035156,367.3500061035156,85226
2018-03-27,374.8999938964844,376.6499938964844,368.20001220703125,372.20001220703125,372.20001220703125,16956
2018-03-28,372.0,375.8500061035156,353.0,355.20001220703125,355.20001220703125,34871
2018-04-02,362.25,389.75,355.04998779296875,385.3999938964844,385.3999938964844,46677
2018-04-03,387.6000061035156,407.45001220703125,383.6000061035156,404.70001220703125,404.70001220703125,43869
2018-04-04,411.95001220703125,411.95001220703125,391.45001220703125,393.6000061035156,393.6000061035156,33004
2018-04-05,399.0,402.0,390.0,394.6499938964844,394.6499938964844,22475
2018-04-06,396.1000061035156,396.1000061035156,383.0,385.70001220703125,385.70001220703125,17738
2018-04-09,388.79998779296875,423.70001220703125,373.1000061035156,408.0,408.0,174660
2018-04-10,415.0,489.6000061035156,415.0,480.5,480.5,1519787
2018-04-11,475.0,476.0,457.79998779296875,466.29998779296875,466.29998779296875,279135
2018-04-12,469.0,483.3999938964844,458.29998779296875,462.95001220703125,462.95001220703125,196387
2018-04-13,466.0,487.0,457.5,474.20001220703125,474.20001220703125,371585
2018-04-16,460.0,484.20001220703125,460.0,478.20001220703125,478.20001220703125,87825
2018-04-17,478.25,484.0,471.1499938964844,476.1499938964844,476.1499938964844,111104
2018-04-18,478.75,479.0,465.25,470.29998779296875,470.29998779296875,50141
2018-04-19,470.29998779296875,499.0,466.0,480.95001220703125,480.95001220703125,186966
2018-04-20,479.70001220703125,490.0,476.6000061035156,483.79998779296875,483.79998779296875,87306
2018-04-23,487.8999938964844,515.0,479.1499938964844,498.79998779296875,498.79998779296875,294016
2018-04-24,496.0,510.0,488.1000061035156,492.20001220703125,492.20001220703125,180921
2018-04-25,490.1000061035156,514.9000244140625,476.29998779296875,489.54998779296875,489.54998779296875,392760
2018-04-26,488.45001220703125,504.3999938964844,487.20001220703125,490.29998779296875,490.29998779296875,61767
2018-04-27,494.79998779296875,494.95001220703125,476.0,480.3999938964844,480.3999938964844,56486
2018-04-30,482.0,494.3500061035156,461.29998779296875,465.95001220703125,465.95001220703125,111934
2018-05-02,466.0,477.54998779296875,454.3500061035156,457.1499938964844,457.1499938964844,45821
2018-05-03,458.1000061035156,464.29998779296875,445.25,451.29998779296875,451.29998779296875,38336
2018-05-04,450.29998779296875,461.8500061035156,446.5,450.70001220703125,450.70001220703125,45195
2018-05-07,454.8999938964844,464.3500061035156,450.5,457.79998779296875,457.79998779296875,48877
2018-05-08,455.0,462.29998779296875,444.8999938964844,459.6499938964844,459.6499938964844,85681
2018-05-09,459.04998779296875,460.0,450.0,452.54998779296875,452.54998779296875,28451
2018-05-10,454.0,454.0,434.5,438.45001220703125,438.45001220703125,24615
2018-05-11,440.0,458.04998779296875,437.20001220703125,446.8999938964844,446.8999938964844,32400
2018-05-14,453.95001220703125,453.95001220703125,426.6000061035156,430.5,430.5,20666
2018-05-15,425.6000061035156,445.0,417.29998779296875,423.70001220703125,423.70001220703125,19609
2018-05-16,415.45001220703125,434.0,415.0,427.6499938964844,427.6499938964844,59173
2018-05-17,427.75,455.0,427.75,450.70001220703125,450.70001220703125,56479
2018-05-18,453.70001220703125,453.70001220703125,434.20001220703125,442.54998779296875,442.54998779296875,76451
2018-05-21,442.29998779296875,445.5,429.0,435.04998779296875,435.04998779296875,63186
2018-05-22,435.04998779296875,445.3999938964844,425.0,427.95001220703125,427.95001220703125,17021
2018-05-23,430.0,432.5,415.0,417.54998779296875,417.54998779296875,34320
2018-05-24,424.0,424.0,397.0,402.20001220703125,402.20001220703125,51927
2018-05-25,402.6000061035156,402.95001220703125,391.6000061035156,396.6499938964844,396.6499938964844,25298
2018-05-28,398.6000061035156,403.04998779296875,388.0,392.29998779296875,392.29998779296875,40025
2018-05-29,388.54998779296875,398.0,385.0,385.45001220703125,385.45001220703125,62542
2018-05-30,384.8999938964844,385.20001220703125,377.0,378.79998779296875,378.79998779296875,22097
2018-05-31,378.79998779296875,382.6000061035156,365.3500061035156,370.1499938964844,370.1499938964844,40225
2018-06-01,376.45001220703125,376.45001220703125,362.0,363.6000061035156,363.6000061035156,22397
2018-06-04,364.25,372.1000061035156,345.3500061035156,351.29998779296875,351.29998779296875,53564
2018-06-05,352.0,352.79998779296875,332.0,336.3500061035156,336.3500061035156,38631
2018-06-06,337.0,358.45001220703125,325.0,343.45001220703125,343.45001220703125,61039
2018-06-07,347.0,374.8999938964844,346.70001220703125,365.29998779296875,365.29998779296875,81480
2018-06-08,369.8999938964844,374.95001220703125,360.0,366.1499938964844,366.1499938964844,72842
2018-06-11,368.6499938964844,374.5,363.6499938964844,369.8500061035156,369.8500061035156,127421
2018-06-12,370.5,386.75,366.1499938964844,379.8500061035156,379.8500061035156,114682
2018-06-13,385.0,390.0,369.45001220703125,371.6499938964844,371.6499938964844,23542
2018-06-14,373.5,388.0,370.1000061035156,380.0,380.0,30520
2018-06-15,383.25,384.70001220703125,370.0,376.3500061035156,376.3500061035156,15988
2018-06-18,370.1000061035156,374.95001220703125,364.1000061035156,365.6499938964844,365.6499938964844,33006
2018-06-19,365.75,366.25,348.0,350.54998779296875,350.54998779296875,34400
2018-06-20,353.3999938964844,359.79998779296875,345.6499938964844,348.8500061035156,348.8500061035156,39061
2018-06-21,349.8500061035156,353.6499938964844,342.04998779296875,343.6499938964844,343.6499938964844,35857
2018-06-22,344.04998779296875,346.3999938964844,339.04998779296875,343.45001220703125,343.45001220703125,25023
2018-06-25,348.8999938964844,348.8999938964844,330.0,331.3999938964844,331.3999938964844,25949
2018-06-26,333.0,349.3999938964844,331.45001220703125,337.1499938964844,337.1499938964844,118413
2018-06-27,338.29998779296875,343.75,330.29998779296875,334.75,334.75,45490
2018-06-28,337.0,337.45001220703125,318.29998779296875,319.70001220703125,319.70001220703125,28938
2018-06-29,322.8999938964844,344.25,321.95001220703125,340.5,340.5,56741
2018-07-02,346.95001220703125,348.0,335.8999938964844,337.25,337.25,45381
2018-07-03,335.0,342.8999938964844,333.0,337.45001220703125,337.45001220703125,22911
2018-07-04,338.1000061035156,347.3500061035156,337.0,338.70001220703125,338.70001220703125,29702
2018-07-05,339.70001220703125,341.04998779296875,334.1000061035156,338.25,338.25,26956
2018-07-06,339.04998779296875,347.95001220703125,339.04998779296875,344.25,344.25,37773
2018-07-09,345.20001220703125,354.29998779296875,342.95001220703125,350.95001220703125,350.95001220703125,14158
2018-07-10,356.1499938964844,363.6000061035156,352.45001220703125,358.5,358.5,31623
2018-07-11,362.3500061035156,379.8999938964844,360.6499938964844,367.1499938964844,367.1499938964844,94837
2018-07-12,367.95001220703125,372.3999938964844,360.0,360.8999938964844,360.8999938964844,31081
2018-07-13,363.70001220703125,374.0,359.1000061035156,360.8999938964844,360.8999938964844,36739
2018-07-16,361.75,361.75,334.29998779296875,338.04998779296875,338.04998779296875,23098
2018-07-17,335.0,347.0,332.95001220703125,335.5,335.5,27835
2018-07-18,340.0,346.5,336.0,344.5,344.5,28219
2018-07-19,350.0,351.54998779296875,340.1000061035156,343.8500061035156,343.8500061035156,12435
2018-07-20,345.54998779296875,351.45001220703125,338.20001220703125,344.8500061035156,344.8500061035156,35122
2018-07-23,351.95001220703125,356.75,343.45001220703125,347.1000061035156,347.1000061035156,14201
2018-07-24,353.0,365.0,347.3500061035156,360.0,360.0,28966
2018-07-25,363.5,376.8999938964844,353.1000061035156,358.45001220703125,358.45001220703125,54769
2018-07-26,361.3500061035156,367.5,360.04998779296875,361.20001220703125,361.20001220703125,11841
2018-07-27,362.0,364.79998779296875,357.0,358.95001220703125,358.95001220703125,9696
2018-07-30,360.0,365.79998779296875,360.0,361.6000061035156,361.6000061035156,8984
2018-07-31,362.3999938964844,366.25,360.5,362.29998779296875,362.29998779296875,8682
2018-08-01,365.8999938964844,369.45001220703125,363.04998779296875,364.95001220703125,364.95001220703125,14053
2018-08-02,369.8500061035156,385.0,368.45001220703125,382.1499938964844,382.1499938964844,63369
2018-08-03,388.0,411.8999938964844,387.04998779296875,401.8500061035156,401.8500061035156,126303
2018-08-06,402.04998779296875,407.75,398.0,399.6499938964844,399.6499938964844,29791
2018-08-07,406.70001220703125,406.70001220703125,376.6000061035156,383.6499938964844,383.6499938964844,35972
2018-08-08,382.0,397.29998779296875,375.25,377.6000061035156,377.6000061035156,24655
2018-08-09,379.8999938964844,407.70001220703125,379.8999938964844,382.6499938964844,382.6499938964844,139267
2018-08-10,385.0,396.8999938964844,383.04998779296875,385.6000061035156,385.6000061035156,32963
2018-08-13,380.45001220703125,388.0,375.04998779296875,381.6000061035156,381.6000061035156,16780
2018-08-14,383.04998779296875,390.0,379.54998779296875,381.54998779296875,381.54998779296875,21739
2018-08-16,380.04998779296875,392.54998779296875,377.0,379.6000061035156,379.6000061035156,28254
2018-08-17,384.0,386.75,378.20001220703125,380.0,380.0,14741
2018-08-20,377.1000061035156,389.6499938964844,375.1499938964844,376.1000061035156,376.1000061035156,24298
2018-08-21,378.79998779296875,382.0,363.6499938964844,369.1499938964844,369.1499938964844,38653
2018-08-23,373.6000061035156,378.3999938964844,369.0,370.3500061035156,370.3500061035156,11854
2018-08-24,372.6000061035156,372.6000061035156,362.29998779296875,364.1499938964844,364.1499938964844,14416
2018-08-27,368.3999938964844,371.04998779296875,363.1000061035156,364.6499938964844,364.6499938964844,11486
2018-08-28,365.79998779296875,382.5,363.29998779296875,368.1499938964844,368.1499938964844,49770
2018-08-29,370.70001220703125,375.0,364.0,366.29998779296875,366.29998779296875,22548
2018-08-30,367.0,375.0,364.04998779296875,369.8999938964844,369.8999938964844,16234
2018-08-31,371.8999938964844,375.0,348.8500061035156,360.54998779296875,360.54998779296875,60476
2018-09-03,360.54998779296875,369.0,359.1499938964844,364.70001220703125,364.70001220703125,28222
2018-09-04,367.6000061035156,369.70001220703125,358.25,359.6000061035156,359.6000061035156,15303
2018-09-05,357.0,360.79998779296875,345.1499938964844,352.5,352.5,16753
2018-09-06,353.75,359.5,349.75,352.8500061035156,352.8500061035156,11334
2018-09-07,350.29998779296875,356.0,345.6000061035156,348.6499938964844,348.6499938964844,22703
2018-09-10,350.70001220703125,359.8999938964844,347.0,349.20001220703125,349.20001220703125,12920
2018-09-11,351.8999938964844,356.8999938964844,345.8500061035156,347.70001220703125,347.70001220703125,11432
2018-09-12,347.70001220703125,350.04998779296875,343.0,345.1000061035156,345.1000061035156,10244
2018-09-14,347.04998779296875,354.54998779296875,347.04998779296875,349.25,349.25,11296
2018-09-17,350.5,355.0,345.20001220703125,352.3500061035156,352.3500061035156,17607
2018-09-18,350.3999938964844,353.5,346.45001220703125,348.29998779296875,348.29998779296875,6268
2018-09-19,350.04998779296875,352.0,340.0,346.04998779296875,346.04998779296875,11465
2018-09-21,348.0,349.3999938964844,315.0,326.54998779296875,326.54998779296875,25626
2018-09-24,322.25,334.79998779296875,315.0,332.25,332.25,30063
2018-09-25,330.0,336.0,309.45001220703125,320.70001220703125,320.70001220703125,22766
2018-09-26,323.54998779296875,329.79998779296875,320.0,324.75,324.75,11273
2018-09-27,322.0,328.0,322.0,325.6499938964844,325.6499938964844,17810
2018-09-28,328.95001220703125,329.29998779296875,315.0,319.6499938964844,319.6499938964844,34536
2018-10-01,319.6499938964844,324.3500061035156,298.1000061035156,311.75,311.75,37462
2018-10-03,313.3999938964844,328.95001220703125,307.29998779296875,325.3500061035156,325.3500061035156,35577
2018-10-04,322.8500061035156,326.6499938964844,312.0,315.75,315.75,9629
2018-10-05,311.0,319.45001220703125,310.0,315.04998779296875,315.04998779296875,13842
2018-10-08,316.0,318.0,296.1499938964844,301.04998779296875,301.04998779296875,13100
2018-10-09,305.0,305.0,290.0,295.1000061035156,295.1000061035156,12019
2018-10-10,293.25,306.75,293.25,300.3500061035156,300.3500061035156,12548
2018-10-11,293.0,304.0,293.0,297.0,297.0,21662
2018-10-12,302.29998779296875,308.3500061035156,300.0,305.70001220703125,305.70001220703125,10716
2018-10-15,310.0,335.0,310.0,318.6499938964844,318.6499938964844,46946
2018-10-16,323.0,326.8999938964844,315.0,317.1000061035156,317.1000061035156,10227
2018-10-17,320.04998779296875,326.3999938964844,316.20001220703125,317.8500061035156,317.8500061035156,33457
2018-10-19,314.8999938964844,319.8999938964844,302.04998779296875,304.29998779296875,304.29998779296875,35877
2018-10-22,301.6000061035156,310.0,300.0,301.45001220703125,301.45001220703125,7477
2018-10-23,300.95001220703125,307.29998779296875,294.04998779296875,297.6000061035156,297.6000061035156,14065
2018-10-24,297.6000061035156,304.0,293.0,297.8500061035156,297.8500061035156,38270
2018-10-25,298.0,298.0,291.0,293.0,293.0,5432
2018-10-26,293.0,293.04998779296875,262.6499938964844,287.0,287.0,15280
2018-10-29,287.0,295.5,280.8999938964844,291.3999938964844,291.3999938964844,8669
2018-10-30,288.6000061035156,306.70001220703125,288.1000061035156,300.8500061035156,300.8500061035156,13079
2018-10-31,301.0,317.8999938964844,298.6499938964844,306.6000061035156,306.6000061035156,40825
2018-11-01,305.1499938964844,312.75,304.70001220703125,310.75,310.75,15381
2018-11-02,314.8999938964844,319.5,311.1499938964844,311.8500061035156,311.8500061035156,13299
2018-11-05,311.25,320.8500061035156,307.0,317.04998779296875,317.04998779296875,14543
2018-11-06,317.0,320.3500061035156,314.3999938964844,315.0,315.0,3980
2018-11-07,315.0,322.95001220703125,315.0,320.0,320.0,1540
2018-11-09,320.0,320.79998779296875,310.0,311.45001220703125,311.45001220703125,4077
2018-11-12,313.3999938964844,317.5,297.25,314.1000061035156,314.1000061035156,14279
2018-11-13,314.04998779296875,319.79998779296875,312.1000061035156,315.8999938964844,315.8999938964844,5933
2018-11-14,314.70001220703125,319.45001220703125,313.8999938964844,315.1499938964844,315.1499938964844,3994
2018-11-15,312.25,316.0,310.0,312.20001220703125,312.20001220703125,7615
2018-11-16,311.20001220703125,315.0,310.1000061035156,312.3500061035156,312.3500061035156,2573
2018-11-19,313.70001220703125,315.3999938964844,307.1000061035156,309.8999938964844,309.8999938964844,4584
2018-11-20,308.5,324.0,306.95001220703125,313.54998779296875,313.54998779296875,20928
2018-11-21,311.04998779296875,315.0,309.1000061035156,311.45001220703125,311.45001220703125,2976
2018-11-22,309.8500061035156,312.0,305.1000061035156,307.6000061035156,307.6000061035156,4804
2018-11-26,311.95001220703125,312.0,306.1499938964844,308.20001220703125,308.20001220703125,3398
2018-11-27,308.6499938964844,318.70001220703125,307.20001220703125,310.6499938964844,310.6499938964844,9496
2018-11-28,311.0,311.0,307.0,309.25,309.25,2579
2018-11-29,310.20001220703125,310.20001220703125,296.45001220703125,300.3500061035156,300.3500061035156,7860
2018-11-30,301.04998779296875,305.1000061035156,296.8999938964844,297.8999938964844,297.8999938964844,6853
2018-12-03,300.0,305.0,295.04998779296875,295.70001220703125,295.70001220703125,8497
2018-12-04,297.5,309.95001220703125,295.70001220703125,297.8500061035156,297.8500061035156,20697
2018-12-05,302.0,302.0,292.04998779296875,293.95001220703125,293.95001220703125,37494
2018-12-06,293.3500061035156,295.1499938964844,291.6499938964844,292.20001220703125,292.20001220703125,3154
2018-12-07,291.5,292.3500061035156,283.5,284.1000061035156,284.1000061035156,4362
2018-12-10,283.5,292.0,280.0,280.8500061035156,280.8500061035156,9508
2018-12-11,275.29998779296875,285.8500061035156,273.95001220703125,280.8999938964844,280.8999938964844,5376
2018-12-12,280.1000061035156,315.0,280.04998779296875,288.54998779296875,288.54998779296875,300223
2018-12-13,304.0,304.0,286.54998779296875,288.29998779296875,288.29998779296875,74969
2018-12-14,289.0,303.0,286.0,292.70001220703125,292.70001220703125,62954
2018-12-17,295.6000061035156,295.6000061035156,288.70001220703125,290.3500061035156,290.3500061035156,11806
2018-12-18,290.0,295.1000061035156,286.8500061035156,288.6499938964844,288.6499938964844,28846
2018-12-19,288.70001220703125,295.0,288.70001220703125,290.0,290.0,18890
2018-12-20,289.95001220703125,291.8999938964844,278.0,280.8999938964844,280.8999938964844,26967
2018-12-21,282.0,286.45001220703125,270.0,277.0,277.0,23871
2018-12-24,275.1000061035156,277.45001220703125,273.04998779296875,274.3500061035156,274.3500061035156,34065
2018-12-26,275.95001220703125,275.95001220703125,265.0,271.1499938964844,271.1499938964844,20337
2018-12-27,278.79998779296875,278.79998779296875,270.70001220703125,271.45001220703125,271.45001220703125,6380
2018-12-28,271.6499938964844,282.04998779296875,271.6499938964844,276.79998779296875,276.79998779296875,14104
2018-12-31,279.0,279.95001220703125,273.25,274.75,274.75,10390
2019-01-01,274.8500061035156,288.8999938964844,274.8500061035156,279.20001220703125,279.20001220703125,20300
2019-01-02,281.70001220703125,282.0,271.75,273.45001220703125,273.45001220703125,9291
2019-01-03,274.0,275.5,269.3500061035156,271.5,271.5,34449
2019-01-04,270.54998779296875,275.0,268.1000061035156,269.54998779296875,269.54998779296875,8207
2019-01-07,270.04998779296875,280.0,270.04998779296875,270.8999938964844,270.8999938964844,8410
2019-01-08,272.8500061035156,272.8500061035156,266.0,267.95001220703125,267.95001220703125,11034
2019-01-09,269.8500061035156,278.0,268.5,272.0,272.0,73275
2019-01-10,274.79998779296875,274.79998779296875,269.25,271.75,271.75,18099
2019-01-11,271.5,273.5,265.20001220703125,266.3500061035156,266.3500061035156,12156
2019-01-14,265.04998779296875,268.04998779296875,261.5,262.54998779296875,262.54998779296875,11687
2019-01-15,263.45001220703125,270.0,262.0,263.3999938964844,263.3999938964844,31880
2019-01-16,264.5,266.29998779296875,263.25,264.3500061035156,264.3500061035156,4895
2019-01-17,266.0,266.6499938964844,262.5,263.04998779296875,263.04998779296875,5528
2019-01-18,263.04998779296875,264.3500061035156,256.0,256.79998779296875,256.79998779296875,11617
2019-01-21,256.79998779296875,260.0,252.25,256.0,256.0,7426
2019-01-22,258.25,259.0,246.6999969482422,249.75,249.75,20005
2019-01-23,248.89999389648438,249.5,243.3000030517578,245.60000610351562,245.60000610351562,11550
2019-01-24,243.3000030517578,247.5500030517578,239.14999389648438,240.0,240.0,6857
2019-01-25,240.89999389648438,269.0,239.8000030517578,245.0500030517578,245.0500030517578,79989
2019-01-28,243.0,265.0,239.10000610351562,240.6999969482422,240.6999969482422,9379
2019-01-29,235.0,236.5500030517578,221.1999969482422,224.89999389648438,224.89999389648438,36588
2019-01-30,225.9499969482422,227.75,224.75,226.5,226.5,19838
2019-01-31,227.0,232.0,226.5,230.0500030517578,230.0500030517578,9241
2019-02-01,231.14999389648438,238.3000030517578,227.60000610351562,234.39999389648438,234.39999389648438,17682
2019-02-04,238.0,238.0,232.0500030517578,234.10000610351562,234.10000610351562,5984
2019-02-05,233.25,237.6999969482422,225.60000610351562,226.5500030517578,226.5500030517578,11033
2019-02-06,229.5,229.5,221.5,222.25,222.25,8762
2019-02-07,220.1999969482422,224.85000610351562,218.0,219.6999969482422,219.6999969482422,9868
2019-02-08,219.6999969482422,219.6999969482422,213.5500030517578,215.60000610351562,215.60000610351562,6945
2019-02-11,213.25,213.60000610351562,196.25,206.14999389648438,206.14999389648438,15584
2019-02-12,202.0500030517578,225.6999969482422,202.0500030517578,219.85000610351562,219.85000610351562,53013
2019-02-14,221.0,221.5500030517578,215.0,219.85000610351562,219.85000610351562,5902
2019-02-15,220.0,230.0,219.0,221.10000610351562,221.10000610351562,13777
2019-02-18,223.3000030517578,225.0,216.6999969482422,218.0,218.0,4460
2019-02-19,212.25,220.75,212.25,219.85000610351562,219.85000610351562,22692
2019-02-20,221.0,233.0,220.89999389648438,224.25,224.25,9417
2019-02-21,222.0500030517578,228.6999969482422,222.0,226.89999389648438,226.89999389648438,4936
2019-02-22,225.25,227.0,222.10000610351562,225.89999389648438,225.89999389648438,5922
2019-02-25,228.89999389648438,237.0500030517578,221.85000610351562,230.6999969482422,230.6999969482422,63661
2019-02-26,225.0,230.8000030517578,222.0,229.10000610351562,229.10000610351562,11847
2019-02-27,230.8000030517578,238.14999389648438,227.1999969482422,229.85000610351562,229.85000610351562,18954
2019-02-28,233.3000030517578,248.0,229.60000610351562,238.1999969482422,238.1999969482422,73621
2019-03-01,239.0,250.89999389648438,238.0,248.5,248.5,31478
2019-03-05,250.5,259.54998779296875,250.0,252.14999389648438,252.14999389648438,40073
2019-03-06,252.10000610351562,264.8999938964844,248.5500030517578,260.1000061035156,260.1000061035156,39818
2019-03-07,261.8999938964844,262.0,256.25,259.3500061035156,259.3500061035156,10947
2019-03-08,258.0,272.04998779296875,257.0,265.3500061035156,265.3500061035156,25879
2019-03-11,264.8500061035156,277.8500061035156,264.1000061035156,268.1000061035156,268.1000061035156,14934
2019-03-12,269.5,273.20001220703125,260.0,260.8500061035156,260.8500061035156,11905
2019-03-13,260.8500061035156,275.29998779296875,259.04998779296875,263.79998779296875,263.79998779296875,64492
2019-03-14,265.8999938964844,268.75,260.8999938964844,262.54998779296875,262.54998779296875,10148
2019-03-15,263.04998779296875,265.45001220703125,251.64999389648438,255.85000610351562,255.85000610351562,12515
2019-03-18,260.0,260.75,252.1999969482422,253.6999969482422,253.6999969482422,7905
2019-03-19,253.6999969482422,258.0,252.0,253.25,253.25,8625
2019-03-20,254.9499969482422,255.10000610351562,249.5,251.25,251.25,10359
2019-03-22,251.0500030517578,256.04998779296875,246.0500030517578,248.10000610351562,248.10000610351562,6799
2019-03-25,247.5500030517578,247.9499969482422,239.0,240.85000610351562,240.85000610351562,10200
2019-03-26,240.89999389648438,243.89999389648438,232.0,234.0,234.0,13995
2019-03-27,234.25,236.8000030517578,230.1999969482422,232.3000030517578,232.3000030517578,7770
2019-03-28,233.4499969482422,238.8000030517578,228.0,231.39999389648438,231.39999389648438,20949
2019-04-01,240.0,256.79998779296875,232.5500030517578,253.0500030517578,253.0500030517578,27110
2019-04-02,254.89999389648438,263.0,250.9499969482422,253.6999969482422,253.6999969482422,32208
2019-04-03,253.6999969482422,258.04998779296875,244.0,246.10000610351562,246.10000610351562,11922
2019-04-04,245.10000610351562,246.6999969482422,238.0500030517578,240.4499969482422,240.4499969482422,3940
2019-04-05,242.5,246.9499969482422,239.10000610351562,240.85000610351562,240.85000610351562,9057
2019-04-08,243.0,252.9499969482422,240.14999389648438,246.35000610351562,246.35000610351562,18278
2019-04-09,242.60000610351562,248.0,236.89999389648438,239.0500030517578,239.0500030517578,38189
2019-04-10,240.0,247.4499969482422,239.9499969482422,242.10000610351562,242.10000610351562,21342
2019-04-11,244.4499969482422,245.3000030517578,238.0500030517578,238.64999389648438,238.64999389648438,9545
2019-04-12,238.10000610351562,242.0,238.0500030517578,239.60000610351562,239.60000610351562,10286
2019-04-15,239.9499969482422,241.4499969482422,236.5500030517578,237.3000030517578,237.3000030517578,16899
2019-04-16,238.5,243.5,236.1999969482422,239.25,239.25,303743
2019-04-18,237.5500030517578,241.0,231.0,233.75,233.75,19903
2019-04-22,236.8000030517578,237.5,228.39999389648438,230.10000610351562,230.10000610351562,15767
2019-04-23,225.0500030517578,233.0500030517578,225.0500030517578,226.6999969482422,226.6999969482422,12734
2019-04-24,229.10000610351562,231.1999969482422,225.89999389648438,226.6999969482422,226.6999969482422,5702
2019-04-25,226.1999969482422,231.0,225.35000610351562,228.25,228.25,9112
2019-04-26,229.4499969482422,232.39999389648438,226.0500030517578,227.14999389648438,227.14999389648438,9914
2019-04-30,226.0,226.0,215.0,219.5500030517578,219.5500030517578,17222
2019-05-02,222.0,222.0,210.0,213.25,213.25,11785
2019-05-03,215.0,219.0,213.0,215.60000610351562,215.60000610351562,11418
2019-05-06,215.60000610351562,219.25,210.0,211.75,211.75,15627
2019-05-07,212.0500030517578,214.6999969482422,210.10000610351562,211.14999389648438,211.14999389648438,9753
2019-05-08,210.5500030517578,212.64999389648438,208.10000610351562,210.14999389648438,210.14999389648438,7884
2019-05-09,205.0500030517578,213.9499969482422,203.8000030517578,207.89999389648438,207.89999389648438,4169
2019-05-10,207.0,209.0500030517578,201.10000610351562,203.0500030517578,203.0500030517578,16823
2019-05-13,202.14999389648438,209.10000610351562,201.0,202.9499969482422,202.9499969482422,4395
2019-05-14,202.5,203.89999389648438,198.0,201.35000610351562,201.35000610351562,11033
2019-05-15,200.0,204.0,200.0,202.10000610351562,202.10000610351562,7398
2019-05-16,203.89999389648438,204.5,199.25,201.39999389648438,201.39999389648438,5128
2019-05-17,199.3000030517578,201.0,196.10000610351562,197.0500030517578,197.0500030517578,7200
2019-05-20,200.0,203.35000610351562,198.0500030517578,199.64999389648438,199.64999389648438,16790
2019-05-21,199.64999389648438,203.60000610351562,199.35000610351562,200.4499969482422,200.4499969482422,7424
2019-05-22,200.4499969482422,203.5,197.89999389648438,198.60000610351562,198.60000610351562,14558
2019-05-23,211.60000610351562,218.0,196.0,197.25,197.25,89867
2019-05-24,198.0,203.0500030517578,198.0,200.6999969482422,200.6999969482422,56184
2019-05-27,200.0,203.5,194.5,195.8000030517578,195.8000030517578,68056
2019-05-28,196.85000610351562,197.0,190.3000030517578,191.5,191.5,52353
2019-05-29,194.6999969482422,205.75,191.75,201.1999969482422,201.1999969482422,160030
2019-05-30,202.0500030517578,216.0,202.0500030517578,213.5500030517578,213.5500030517578,150684
2019-05-31,216.0,223.89999389648438,214.1999969482422,220.64999389648438,220.64999389648438,111819
2019-06-03,222.39999389648438,237.6999969482422,217.9499969482422,233.6999969482422,233.6999969482422,357235
2019-06-04,232.64999389648438,235.60000610351562,227.6999969482422,230.25,230.25,73360
2019-06-06,229.85000610351562,246.5,229.8000030517578,233.85000610351562,233.85000610351562,105508
2019-06-07,234.3000030517578,235.0,223.60000610351562,230.0,230.0,94986
2019-06-10,230.0,232.39999389648438,218.14999389648438,221.35000610351562,221.35000610351562,32793
2019-06-11,220.5500030517578,232.0,220.5500030517578,229.9499969482422,229.9499969482422,59837
2019-06-12,228.6999969482422,229.8000030517578,223.14999389648438,224.75,224.75,19314
2019-06-13,223.25,230.0,220.75,224.64999389648438,224.64999389648438,54839
2019-06-14,223.14999389648438,225.0500030517578,220.25,221.9499969482422,221.9499969482422,9703
2019-06-17,221.9499969482422,223.75,216.64999389648438,219.39999389648438,219.39999389648438,33486
2019-06-18,221.85000610351562,222.0500030517578,208.0,212.4499969482422,212.4499969482422,17650
2019-06-19,213.0,222.0,192.6999969482422,205.0500030517578,205.0500030517578,30939
2019-06-20,205.10000610351562,214.5,201.89999389648438,210.85000610351562,210.85000610351562,19214
2019-06-21,209.0,212.9499969482422,207.39999389648438,209.39999389648438,209.39999389648438,8493
2019-06-24,209.39999389648438,217.14999389648438,208.1999969482422,213.64999389648438,213.64999389648438,13061
2019-06-25,212.0,219.89999389648438,211.0500030517578,212.25,212.25,9707
2019-06-26,211.60000610351562,216.0,207.0,209.35000610351562,209.35000610351562,24807
2019-06-27,211.64999389648438,214.5,210.60000610351562,212.25,212.25,8320
2019-06-28,212.0500030517578,214.75,208.60000610351562,211.25,211.25,9405
2019-07-01,212.85000610351562,215.0,209.10000610351562,210.5,210.5,5498
2019-07-02,211.9499969482422,228.85000610351562,206.5,223.89999389648438,223.89999389648438,48242
2019-07-03,223.8000030517578,229.6999969482422,220.1999969482422,221.39999389648438,221.39999389648438,20220
2019-07-04,222.6999969482422,225.39999389648438,220.5,220.9499969482422,220.9499969482422,7869
2019-07-05,222.0500030517578,225.8000030517578,211.10000610351562,214.0500030517578,214.0500030517578,11283
2019-07-08,212.5500030517578,217.0,208.0,211.75,211.75,8568
2019-07-09,213.0,213.85000610351562,210.0,210.4499969482422,210.4499969482422,4237
2019-07-10,210.5,211.89999389648438,208.0,209.4499969482422,209.4499969482422,7851
2019-07-11,209.5,211.6999969482422,205.5500030517578,209.89999389648438,209.89999389648438,2552
2019-07-12,209.8000030517578,211.0,206.4499969482422,209.0500030517578,209.0500030517578,7828
2019-07-15,209.9499969482422,212.0500030517578,206.0,208.0,208.0,5539
2019-07-16,207.6999969482422,229.5,207.35000610351562,212.9499969482422,212.9499969482422,163313
2019-07-17,209.25,222.39999389648438,209.25,212.10000610351562,212.10000610351562,25281
2019-07-18,212.9499969482422,221.64999389648438,211.10000610351562,212.85000610351562,212.85000610351562,19743
2019-07-19,215.8000030517578,216.0,205.25,209.8000030517578,209.8000030517578,19778
2019-07-22,212.35000610351562,214.0500030517578,206.0,207.75,207.75,18134
2019-07-23,206.60000610351562,214.5,206.5,207.35000610351562,207.35000610351562,22045
2019-07-24,208.64999389648438,210.5500030517578,205.0,205.89999389648438,205.89999389648438,9156
2019-07-25,206.89999389648438,208.8000030517578,202.60000610351562,203.4499969482422,203.4499969482422,5877
2019-07-26,202.75,208.75,201.0,205.4499969482422,205.4499969482422,6084
2019-07-29,205.3000030517578,206.4499969482422,196.25,201.9499969482422,201.9499969482422,10796
2019-07-30,201.10000610351562,209.0,196.5,200.5,200.5,13151
2019-07-31,198.0500030517578,198.0500030517578,193.10000610351562,194.5500030517578,194.5500030517578,10463
2019-08-01,194.5500030517578,195.85000610351562,191.5,192.6999969482422,192.6999969482422,2882
2019-08-02,191.60000610351562,192.4499969482422,184.5500030517578,188.6999969482422,188.6999969482422,12606
2019-08-05,188.0,188.0,182.64999389648438,184.6999969482422,184.6999969482422,6076
2019-08-06,185.0,189.89999389648438,184.85000610351562,185.64999389648438,185.64999389648438,8542
2019-08-07,189.85000610351562,197.6999969482422,187.0500030517578,195.10000610351562,195.10000610351562,11304
2019-08-08,190.0,194.4499969482422,185.5,188.25,188.25,8173
2019-08-09,187.0,193.1999969482422,187.0,190.60000610351562,190.60000610351562,5345
2019-08-13,194.9499969482422,194.9499969482422,182.0500030517578,184.0500030517578,184.0500030517578,8380
2019-08-14,187.14999389648438,188.0,182.5500030517578,185.3000030517578,185.3000030517578,3865
2019-08-16,185.0500030517578,188.0500030517578,181.8000030517578,182.75,182.75,7598
2019-08-19,183.0500030517578,186.89999389648438,182.0,182.4499969482422,182.4499969482422,3521
2019-08-20,182.4499969482422,184.85000610351562,182.0,184.25,184.25,1846
2019-08-21,184.0,184.0,177.0,178.0500030517578,178.0500030517578,4915
2019-08-22,178.0500030517578,179.64999389648438,165.0,169.8000030517578,169.8000030517578,10328
2019-08-23,169.0,173.1999969482422,162.0500030517578,166.64999389648438,166.64999389648438,8142
2019-08-26,172.6999969482422,175.10000610351562,158.6999969482422,174.0500030517578,174.0500030517578,5658
2019-08-27,175.25,185.0,175.25,179.4499969482422,179.4499969482422,4481
2019-08-28,178.14999389648438,184.4499969482422,178.0,180.64999389648438,180.64999389648438,4030
2019-08-29,181.9499969482422,184.0,176.5,181.0,181.0,15833
2019-08-30,180.5,184.1999969482422,177.60000610351562,179.89999389648438,179.89999389648438,65388
2019-09-03,181.5500030517578,183.0500030517578,173.0,173.60000610351562,173.60000610351562,4146
2019-09-04,176.0500030517578,178.0,171.0,172.0500030517578,172.0500030517578,2119
2019-09-05,173.4499969482422,178.9499969482422,169.14999389648438,170.4499969482422,170.4499969482422,4524
2019-09-06,172.4499969482422,174.1999969482422,169.89999389648438,171.1999969482422,171.1999969482422,7163
2019-09-09,171.89999389648438,173.1999969482422,166.1999969482422,170.35000610351562,170.35000610351562,12681
2019-09-11,173.75,177.64999389648438,173.6999969482422,176.0,176.0,16987
2019-09-12,176.6999969482422,178.64999389648438,171.1999969482422,176.6999969482422,176.6999969482422,10784
2019-09-13,177.35000610351562,178.6999969482422,174.8000030517578,175.9499969482422,175.9499969482422,6298
2019-09-16,182.5,182.5,176.0,176.8000030517578,176.8000030517578,7924
2019-09-17,178.5500030517578,180.1999969482422,173.8000030517578,176.0500030517578,176.0500030517578,13148
2019-09-18,179.10000610351562,179.14999389648438,173.0,175.3000030517578,175.3000030517578,8542
2019-09-19,176.25,176.5500030517578,172.35000610351562,172.85000610351562,172.85000610351562,2169
2019-09-20,179.64999389648438,185.6999969482422,174.0500030517578,177.85000610351562,177.85000610351562,32777
2019-09-23,180.14999389648438,184.0,171.3000030517578,172.39999389648438,172.39999389648438,29682
2019-09-24,173.0500030517578,176.9499969482422,173.0,173.64999389648438,173.64999389648438,9680
2019-09-25,174.39999389648438,174.75,165.0,166.85000610351562,166.85000610351562,19660
2019-09-26,169.89999389648438,172.1999969482422,168.39999389648438,170.75,170.75,4976
2019-09-27,171.89999389648438,173.3000030517578,165.3000030517578,166.1999969482422,166.1999969482422,8020
2019-09-30,166.35000610351562,169.0,161.60000610351562,162.5,162.5,5842
2019-10-01,164.5,164.5,159.5500030517578,161.0500030517578,161.0500030517578,7405
2019-10-03,160.0,161.0,157.0,159.1999969482422,159.1999969482422,31503
2019-10-04,159.0500030517578,166.0,159.0,162.4499969482422,162.4499969482422,4796
2019-10-07,166.39999389648438,166.39999389648438,160.25,161.39999389648438,161.39999389648438,3656
2019-10-09,159.9499969482422,162.0,158.5500030517578,160.6999969482422,160.6999969482422,4664
2019-10-10,161.0500030517578,161.1999969482422,157.0,158.4499969482422,158.4499969482422,4939
2019-10-11,158.10000610351562,158.25,151.0,154.5,154.5,10389
2019-10-14,153.14999389648438,155.14999389648438,151.0,153.4499969482422,153.4499969482422,6804
2019-10-15,152.60000610351562,155.0,151.3000030517578,152.4499969482422,152.4499969482422,4470
2019-10-16,152.39999389648438,157.5500030517578,150.0,150.25,150.25,18744
2019-10-17,150.3000030517578,151.9499969482422,149.0,149.85000610351562,149.85000610351562,4193
2019-10-18,151.9499969482422,154.9499969482422,147.60000610351562,148.5500030517578,148.5500030517578,24889
2019-10-22,151.75,153.75,146.25,147.8000030517578,147.8000030517578,12535
2019-10-23,145.0500030517578,162.35000610351562,145.0500030517578,155.89999389648438,155.89999389648438,31105
2019-10-24,160.5,160.5,151.0,151.60000610351562,151.60000610351562,10966
2019-10-25,152.9499969482422,156.6999969482422,149.3000030517578,154.89999389648438,154.89999389648438,10473
2019-10-27,156.39999389648438,156.6999969482422,152.0,156.0500030517578,156.0500030517578,1575
2019-10-29,157.0,164.85000610351562,154.14999389648438,160.3000030517578,160.3000030517578,11344
2019-10-30,163.0,169.0,160.1999969482422,163.1999969482422,163.1999969482422,19371
2019-10-31,185.25,192.4499969482422,167.0,168.25,168.25,800981
2019-11-01,170.85000610351562,171.5500030517578,165.25,166.89999389648438,166.89999389648438,64687
2019-11-04,168.0,172.0,165.0,165.9499969482422,165.9499969482422,39217
2019-11-05,168.39999389648438,168.39999389648438,156.75,157.89999389648438,157.89999389648438,47709
2019-11-06,159.89999389648438,160.0500030517578,151.8000030517578,152.3000030517578,152.3000030517578,70146
2019-11-07,156.5,158.89999389648438,148.0500030517578,153.5,153.5,64327
2019-11-08,152.60000610351562,154.14999389648438,148.3000030517578,149.64999389648438,149.64999389648438,19958
2019-11-11,151.10000610351562,153.0,145.14999389648438,149.39999389648438,149.39999389648438,32912
2019-11-13,149.39999389648438,151.10000610351562,147.9499969482422,149.39999389648438,149.39999389648438,25304
2019-11-14,150.4499969482422,150.4499969482422,142.5,146.35000610351562,146.35000610351562,34167
2019-11-15,147.5,149.60000610351562,145.85000610351562,146.5,146.5,13557
2019-11-18,147.35000610351562,150.8000030517578,145.0,146.75,146.75,29485
2019-11-19,145.60000610351562,148.0500030517578,142.0,142.6999969482422,142.6999969482422,19269
2019-11-20,143.5500030517578,145.6999969482422,142.5,144.14999389648438,144.14999389648438,36939
2019-11-21,144.1999969482422,144.5,138.64999389648438,141.6999969482422,141.6999969482422,44676
2019-11-22,142.35000610351562,142.6999969482422,140.85000610351562,141.64999389648438,141.64999389648438,6553
2019-11-25,147.0,147.0,140.0,140.5,140.5,18260
2019-11-26,142.25,143.35000610351562,141.25,141.6999969482422,141.6999969482422,18758
2019-11-27,146.89999389648438,152.10000610351562,141.85000610351562,145.85000610351562,145.85000610351562,47504
2019-11-28,147.10000610351562,147.1999969482422,143.10000610351562,144.10000610351562,144.10000610351562,15247
2019-11-29,146.75,146.75,143.0,144.1999969482422,144.1999969482422,13107
2019-12-02,146.14999389648438,146.1999969482422,141.0,141.25,141.25,9085
2019-12-03,141.35000610351562,143.75,141.3000030517578,141.64999389648438,141.64999389648438,6832
2019-12-04,144.6999969482422,149.89999389648438,138.64999389648438,146.0500030517578,146.0500030517578,107669
2019-12-05,146.89999389648438,150.9499969482422,144.14999389648438,144.4499969482422,144.4499969482422,37215
2019-12-06,147.1999969482422,148.0,140.5,141.0,141.0,13172
2019-12-09,144.89999389648438,146.89999389648438,142.0,142.64999389648438,142.64999389648438,16113
2019-12-10,145.0,145.0,137.5,138.39999389648438,138.39999389648438,9265
2019-12-11,142.5,142.5,135.0,135.5,135.5,14596
2019-12-12,136.10000610351562,140.0,132.3000030517578,137.75,137.75,110331
2019-12-13,138.9499969482422,140.0,135.0,135.5500030517578,135.5500030517578,15280
2019-12-16,137.0500030517578,147.0,134.0,138.39999389648438,138.39999389648438,84105
2019-12-17,141.4499969482422,145.75,139.5,143.64999389648438,143.64999389648438,50268
2019-12-18,146.0,150.0,144.0,147.5500030517578,147.5500030517578,37029
2019-12-19,149.0,149.0,140.9499969482422,143.6999969482422,143.6999969482422,19567
2019-12-20,143.1999969482422,144.5500030517578,141.0,142.14999389648438,142.14999389648438,27579
2019-12-23,142.60000610351562,152.75,141.25,146.85000610351562,146.85000610351562,176287
2019-12-24,148.5,172.0,144.25,164.4499969482422,164.4499969482422,558251
2019-12-26,165.89999389648438,174.4499969482422,162.5,169.14999389648438,169.14999389648438,392165
2019-12-27,169.10000610351562,170.9499969482422,163.5500030517578,164.39999389648438,164.39999389648438,56298
2019-12-30,166.64999389648438,174.75,164.39999389648438,172.1999969482422,172.1999969482422,127622
2019-12-31,172.89999389648438,174.8000030517578,167.0,169.35000610351562,169.35000610351562,61323
2020-01-01,171.5500030517578,172.39999389648438,165.5,166.75,166.75,39569
2020-01-02,166.75,169.5500030517578,164.5,165.6999969482422,165.6999969482422,45989
2020-01-03,166.10000610351562,168.75,164.14999389648438,164.64999389648438,164.64999389648438,37410
2020-01-06,164.5,164.5,155.0,157.0500030517578,157.0500030517578,42848
2020-01-07,161.5,168.6999969482422,157.4499969482422,165.0,165.0,105884
2020-01-08,161.5,179.6999969482422,159.8000030517578,172.1999969482422,172.1999969482422,592730
2020-01-09,174.39999389648438,177.8000030517578,168.14999389648438,171.10000610351562,171.10000610351562,108255
2020-01-10,171.89999389648438,177.1999969482422,171.0,172.0,172.0,81555
2020-01-13,173.89999389648438,182.0,173.0,176.85000610351562,176.85000610351562,131315
2020-01-14,178.64999389648438,180.3000030517578,168.10000610351562,171.0500030517578,171.0500030517578,88039
2020-01-15,171.8000030517578,174.6999969482422,170.0500030517578,173.35000610351562,173.35000610351562,44922
2020-01-16,174.5,178.1999969482422,173.8000030517578,176.10000610351562,176.10000610351562,38156
2020-01-17,173.35000610351562,196.60000610351562,173.35000610351562,190.89999389648438,190.89999389648438,354450
2020-01-20,193.89999389648438,193.89999389648438,183.5500030517578,189.0500030517578,189.0500030517578,135003
2020-01-21,187.1999969482422,188.5500030517578,182.35000610351562,184.5500030517578,184.5500030517578,65616
2020-01-22,184.4499969482422,190.14999389648438,181.14999389648438,183.1999969482422,183.1999969482422,64303
2020-01-23,184.9499969482422,189.85000610351562,183.14999389648438,186.5,186.5,52400
2020-01-24,186.9499969482422,219.4499969482422,185.9499969482422,207.6999969482422,207.6999969482422,1295566
2020-01-27,208.3000030517578,218.6999969482422,206.5,212.1999969482422,212.1999969482422,377104
2020-01-28,214.5500030517578,216.0,203.0,207.14999389648438,207.14999389648438,126347
2020-01-29,200.0,200.25,186.8000030517578,187.9499969482422,187.9499969482422,246012
2020-01-30,183.0,189.5,178.10000610351562,184.9499969482422,184.9499969482422,136913
2020-01-31,186.89999389648438,187.75,180.10000610351562,181.1999969482422,181.1999969482422,46237
2020-02-03,173.0,176.4499969482422,164.14999389648438,170.9499969482422,170.9499969482422,118854
2020-02-04,173.3000030517578,178.0500030517578,171.0500030517578,172.4499969482422,172.4499969482422,92684
2020-02-05,173.14999389648438,176.4499969482422,168.9499969482422,170.4499969482422,170.4499969482422,53989
2020-02-06,172.14999389648438,173.0,168.0,169.39999389648438,169.39999389648438,39297
2020-02-07,169.39999389648438,170.6999969482422,167.0,167.75,167.75,28920
2020-02-10,168.4499969482422,168.85000610351562,162.0,163.8000030517578,163.8000030517578,54014
2020-02-11,164.60000610351562,171.35000610351562,164.60000610351562,167.39999389648438,167.39999389648438,66841
2020-02-12,167.39999389648438,169.8000030517578,165.14999389648438,165.85000610351562,165.85000610351562,16762
2020-02-13,167.25,169.0,163.0,164.4499969482422,164.4499969482422,29256
2020-02-14,163.5500030517578,167.64999389648438,162.5,163.3000030517578,163.3000030517578,32078
2020-02-17,164.0,164.14999389648438,157.25,158.5,158.5,27403
2020-02-18,158.5,159.0,151.6999969482422,155.6999969482422,155.6999969482422,57281
2020-02-19,159.75,160.75,151.1999969482422,152.6999969482422,152.6999969482422,51624
2020-02-20,152.6999969482422,157.5500030517578,150.3000030517578,155.0,155.0,40225
2020-02-24,155.0,157.1999969482422,151.14999389648438,153.0500030517578,153.0500030517578,22980
2020-02-25,155.89999389648438,155.89999389648438,149.0,149.9499969482422,149.9499969482422,24022
2020-02-26,146.5,151.25,140.5500030517578,141.9499969482422,141.9499969482422,47230
2020-02-27,143.5,143.5,136.60000610351562,140.75,140.75,34396
2020-02-28,134.0,137.39999389648438,131.0,131.89999389648438,131.89999389648438,39348
2020-03-02,133.10000610351562,137.0,123.0,125.30000305175781,125.30000305175781,37675
2020-03-03,128.35000610351562,131.0,124.5,130.10000610351562,130.10000610351562,28673
2020-03-04,129.0500030517578,131.8000030517578,122.44999694824219,124.94999694824219,124.94999694824219,35469
2020-03-05,123.0,126.80000305175781,120.0,120.94999694824219,120.94999694824219,47814
2020-03-06,115.0,125.0999984741211,112.6500015258789,117.0,117.0,47720
2020-03-09,115.4000015258789,115.4000015258789,101.0,104.19999694824219,104.19999694824219,94097
2020-03-11,104.25,113.0,104.1500015258789,106.9000015258789,106.9000015258789,73715
2020-03-12,102.4000015258789,102.4000015258789,93.0,94.4000015258789,94.4000015258789,55720
2020-03-13,89.5,98.80000305175781,81.19999694824219,96.5,96.5,52412
2020-03-16,94.5,96.25,84.30000305175781,86.5999984741211,86.5999984741211,83274
2020-03-17,83.44999694824219,92.1500015258789,79.25,81.55000305175781,81.55000305175781,71041
2020-03-18,81.5999984741211,84.0,74.75,75.6500015258789,75.6500015258789,112398
2020-03-19,74.0,83.19999694824219,68.5,77.75,77.75,63878
2020-03-20,80.94999694824219,81.30000305175781,76.25,78.4000015258789,78.4000015258789,56587
2020-03-23,76.0,76.0,70.5999984741211,71.5,71.5,14775
2020-03-24,65.19999694824219,74.5999984741211,64.3499984741211,68.5999984741211,68.5999984741211,24995
2020-03-25,65.80000305175781,74.75,64.0999984741211,73.0,73.0,23748
2020-03-26,79.0,80.30000305175781,72.44999694824219,80.19999694824219,80.19999694824219,20514
2020-03-27,87.80000305175781,88.19999694824219,72.19999694824219,78.4000015258789,78.4000015258789,31001
2020-03-30,81.94999694824219,81.94999694824219,70.5999984741211,71.9000015258789,71.9000015258789,30862
2020-03-31,74.8499984741211,77.8499984741211,70.0,73.3499984741211,73.3499984741211,33147
2020-04-01,74.5999984741211,75.5999984741211,70.19999694824219,73.05000305175781,73.05000305175781,15989
2020-04-03,77.69999694824219,77.69999694824219,71.0,74.6500015258789,74.6500015258789,23270
2020-04-07,75.25,75.75,73.05000305175781,74.5,74.5,87475
2020-04-08,73.0,77.4000015258789,73.0,73.69999694824219,73.69999694824219,45648
2020-04-09,76.9000015258789,81.0,73.75,80.25,80.25,41276
2020-04-13,82.3499984741211,82.3499984741211,75.3499984741211,77.4000015258789,77.4000015258789,29745
2020-04-15,79.0,80.0,77.0,78.30000305175781,78.30000305175781,59695
2020-04-16,79.9000015258789,85.5,77.0999984741211,83.4000015258789,83.4000015258789,38639
2020-04-17,85.9000015258789,87.0,83.4000015258789,85.05000305175781,85.05000305175781,36588
2020-04-20,89.4000015258789,89.4000015258789,85.05000305175781,87.0,87.0,57099
2020-04-21,86.80000305175781,86.80000305175781,80.25,81.6500015258789,81.6500015258789,40550
2020-04-22,81.5,83.0,78.55000305175781,80.1500015258789,80.1500015258789,27912
2020-04-23,74.5,81.5,74.5,78.05000305175781,78.05000305175781,28720
2020-04-24,81.3499984741211,81.3499984741211,76.0,76.3499984741211,76.3499984741211,22582
2020-04-27,76.5999984741211,83.94999694824219,76.5999984741211,81.44999694824219,81.44999694824219,172993
2020-04-28,83.0,83.0,78.94999694824219,80.25,80.25,31888
2020-04-29,81.94999694824219,81.94999694824219,79.05000305175781,79.8499984741211,79.8499984741211,28917
2020-04-30,80.05000305175781,82.55000305175781,78.55000305175781,79.69999694824219,79.69999694824219,39156
2020-05-04,78.69999694824219,78.80000305175781,75.0999984741211,75.9000015258789,75.9000015258789,21444
2020-05-05,79.0,79.94999694824219,77.0,77.4000015258789,77.4000015258789,39815
2020-05-06,80.9000015258789,80.9000015258789,75.0,77.8499984741211,77.8499984741211,17481
2020-05-07,76.94999694824219,78.80000305175781,76.55000305175781,77.5,77.5,11677
2020-05-08,78.0,79.5,75.0,75.69999694824219,75.69999694824219,20341
2020-05-11,78.5,78.5,74.0,74.4000015258789,74.4000015258789,32805
2020-05-12,73.5999984741211,75.4000015258789,73.19999694824219,74.19999694824219,74.19999694824219,19610
2020-05-13,78.0,78.0,74.0,74.8499984741211,74.8499984741211,21201
2020-05-14,74.8499984741211,74.8499984741211,73.5,73.80000305175781,73.80000305175781,16613
2020-05-15,74.0,75.25,72.94999694824219,73.30000305175781,73.30000305175781,22336
2020-05-18,74.0,74.0999984741211,70.0,70.3499984741211,70.3499984741211,19064
2020-05-19,72.0,72.8499984741211,69.0999984741211,69.9000015258789,69.9000015258789,73012
2020-05-20,71.30000305175781,71.3499984741211,68.75,69.44999694824219,69.44999694824219,22407
2020-05-21,71.0,71.0,69.05000305175781,69.19999694824219,69.19999694824219,28076
2020-05-22,68.25,70.19999694824219,67.55000305175781,68.25,68.25,19549
2020-05-26,69.0,74.94999694824219,69.0,73.0999984741211,73.0999984741211,80093
2020-05-27,72.25,80.4000015258789,71.4000015258789,77.9000015258789,77.9000015258789,2036987
2020-05-28,81.0,84.8499984741211,78.55000305175781,80.5,80.5,1676386
2020-05-29,77.0,77.5999984741211,74.9000015258789,75.19999694824219,75.19999694824219,321103
2020-06-01,76.05000305175781,77.69999694824219,74.19999694824219,74.6500015258789,74.6500015258789,261277
2020-06-02,74.69999694824219,75.0,72.55000305175781,73.94999694824219,73.94999694824219,207169
2020-06-03,74.30000305175781,75.9000015258789,73.5,73.80000305175781,73.80000305175781,204351
2020-06-04,73.9000015258789,74.19999694824219,72.05000305175781,72.69999694824219,72.69999694824219,139051
2020-06-05,74.0,78.4000015258789,72.5,76.1500015258789,76.1500015258789,717893
2020-06-08,79.94999694824219,82.30000305175781,77.55000305175781,79.19999694824219,79.19999694824219,759050
2020-06-09,79.9000015258789,81.30000305175781,75.0999984741211,76.6500015258789,76.6500015258789,320645
2020-06-10,80.0,91.94999694824219,78.69999694824219,91.94999694824219,91.94999694824219,2013968
2020-06-11,104.25,110.30000305175781,101.75,110.30000305175781,110.30000305175781,770191
2020-06-12,110.0,121.30000305175781,105.30000305175781,121.30000305175781,121.30000305175781,2623412
2020-06-15,133.39999389648438,133.39999389648438,126.0,133.39999389648438,133.39999389648438,1238348
2020-06-16,146.64999389648438,146.6999969482422,128.25,146.6999969482422,146.6999969482422,3070323
2020-06-17,152.60000610351562,152.60000610351562,139.39999389648438,139.39999389648438,139.39999389648438,1709919
2020-06-18,132.4499969482422,132.4499969482422,132.4499969482422,132.4499969482422,132.4499969482422,62486
2020-06-19,125.8499984741211,137.0,125.8499984741211,128.8000030517578,128.8000030517578,1112955
2020-06-22,122.4000015258789,122.4000015258789,122.4000015258789,122.4000015258789,122.4000015258789,77972
2020-06-23,116.30000305175781,122.4000015258789,116.30000305175781,117.19999694824219,117.19999694824219,1670212
2020-06-24,118.0999984741211,123.05000305175781,118.0,122.8499984741211,122.8499984741211,898978
2020-06-25,122.8499984741211,127.0,118.55000305175781,119.25,119.25,411678
2020-06-26,120.9000015258789,125.19999694824219,118.55000305175781,120.9000015258789,120.9000015258789,507275
2020-06-29,120.0,120.8499984741211,114.9000015258789,114.9000015258789,114.9000015258789,206029
2020-06-30,112.0,113.9000015258789,109.19999694824219,110.1500015258789,110.1500015258789,291732
2020-07-01,109.25,113.30000305175781,105.25,107.05000305175781,107.05000305175781,518086
2020-07-02,110.1500015258789,112.4000015258789,108.0,112.4000015258789,112.4000015258789,484441
2020-07-03,114.9000015258789,116.3499984741211,107.5999984741211,109.30000305175781,109.30000305175781,361803
2020-07-06,110.0999984741211,112.19999694824219,109.0,110.1500015258789,110.1500015258789,197409
2020-07-07,111.0,111.94999694824219,107.1500015258789,108.4000015258789,108.4000015258789,110210
2020-07-08,108.0,113.80000305175781,106.5999984741211,113.80000305175781,113.80000305175781,235454
2020-07-09,119.44999694824219,119.44999694824219,112.0,113.05000305175781,113.05000305175781,382587
2020-07-10,112.0,116.25,110.55000305175781,111.80000305175781,111.80000305175781,161127
2020-07-13,112.05000305175781,114.0,108.05000305175781,108.6500015258789,108.6500015258789,137425
2020-07-14,108.05000305175781,109.0,104.55000305175781,105.05000305175781,105.05000305175781,154471
2020-07-15,106.5,110.30000305175781,106.1500015258789,110.0999984741211,110.0999984741211,245550
2020-07-16,111.4000015258789,113.69999694824219,106.5,107.8499984741211,107.8499984741211,174807
2020-07-17,108.80000305175781,109.8499984741211,107.0,108.0999984741211,108.0999984741211,106374
2020-07-20,109.4000015258789,111.19999694824219,108.19999694824219,108.94999694824219,108.94999694824219,141626
2020-07-21,111.0,114.3499984741211,109.6500015258789,114.3499984741211,114.3499984741211,289539
2020-07-22,116.4000015258789,118.9000015258789,112.30000305175781,113.55000305175781,113.55000305175781,268678
2020-07-23,114.44999694824219,119.19999694824219,113.5,119.19999694824219,119.19999694824219,253414
2020-07-24,117.0,125.1500015258789,114.75,125.1500015258789,125.1500015258789,390227
2020-07-27,128.39999389648438,131.39999389648438,122.25,127.8499984741211,127.8499984741211,519060
2020-07-28,127.94999694824219,134.1999969482422,126.1500015258789,133.14999389648438,133.14999389648438,326551
2020-07-29,135.89999389648438,139.4499969482422,132.5,137.35000610351562,137.35000610351562,356932
2020-07-30,138.75,142.89999389648438,136.0,137.5,137.5,298140
2020-07-31,138.0,142.0,138.0,140.64999389648438,140.64999389648438,234672
2020-08-03,140.64999389648438,140.64999389648438,133.64999389648438,134.85000610351562,134.85000610351562,184166
2020-08-04,134.9499969482422,136.0,129.3000030517578,134.0,134.0,139565
2020-08-05,134.0,140.5,134.0,135.85000610351562,135.85000610351562,180357
2020-08-06,137.5500030517578,142.60000610351562,136.0,142.60000610351562,142.60000610351562,391682
2020-08-07,143.1999969482422,149.6999969482422,143.1999969482422,149.6999969482422,149.6999969482422,324633
2020-08-10,157.14999389648438,157.14999389648438,157.14999389648438,157.14999389648438,157.14999389648438,24917
2020-08-11,165.0,165.0,165.0,165.0,165.0,18346
2020-08-12,173.25,173.25,160.0,173.25,173.25,772900
2020-08-13,181.89999389648438,181.89999389648438,178.0,181.89999389648438,181.89999389648438,338015
2020-08-14,188.0,190.9499969482422,185.0,190.9499969482422,190.9499969482422,329653
2020-08-17,197.89999389648438,197.89999389648438,181.4499969482422,183.0500030517578,183.0500030517578,452229
2020-08-18,183.0500030517578,192.1999969482422,183.0500030517578,192.1999969482422,192.1999969482422,246953
2020-08-19,192.60000610351562,201.8000030517578,192.60000610351562,201.8000030517578,201.8000030517578,298255
2020-08-20,211.85000610351562,211.85000610351562,205.3000030517578,211.85000610351562,211.85000610351562,105301
2020-08-21,222.39999389648438,222.39999389648438,222.39999389648438,222.39999389648438,222.39999389648438,61340
2020-08-24,233.5,233.5,215.0,230.9499969482422,230.9499969482422,3031591
2020-08-25,232.0,242.35000610351562,222.1999969482422,233.85000610351562,233.85000610351562,701526
2020-08-26,244.0,245.5,236.25,245.5,245.5,760306
2020-08-27,257.75,257.75,257.75,257.75,257.75,48132
2020-08-28,270.6000061035156,270.6000061035156,244.89999389648438,254.64999389648438,254.64999389648438,1064168
2020-08-31,255.5,263.0,241.9499969482422,242.0,242.0,554888
2020-09-01,241.0,249.85000610351562,231.25,237.64999389648438,237.64999389648438,272956
2020-09-02,242.64999389648438,249.5,238.0,249.5,249.5,75686
2020-09-03,258.3999938964844,261.95001220703125,257.8999938964844,261.95001220703125,261.95001220703125,38417
2020-09-04,260.0,275.0,255.0,273.6000061035156,273.6000061035156,608753
2020-09-07,280.0,287.25,276.3500061035156,287.25,287.25,418504
2020-09-08,297.0,301.6000061035156,288.0,297.45001220703125,297.45001220703125,954499
2020-09-09,292.0,300.0,282.6000061035156,287.0,287.0,836677
2020-09-10,290.29998779296875,299.70001220703125,278.20001220703125,283.95001220703125,283.95001220703125,331821
2020-09-11,288.0,298.1000061035156,281.04998779296875,298.1000061035156,298.1000061035156,447728
2020-09-14,304.79998779296875,313.0,304.79998779296875,313.0,313.0,142254
2020-09-15,328.6499938964844,328.6499938964844,328.6499938964844,328.6499938964844,328.6499938964844,31514
2020-09-16,330.0,345.04998779296875,328.0,343.1000061035156,343.1000061035156,941373
2020-09-17,350.3999938964844,360.25,345.0,360.25,360.25,592372
2020-09-18,378.25,378.25,378.25,378.25,378.25,115331
2020-09-21,392.95001220703125,397.1499938964844,361.20001220703125,393.5,393.5,1637829
2020-09-22,390.95001220703125,396.95001220703125,373.8500061035156,375.25,375.25,805794
2020-09-23,388.0,391.95001220703125,360.20001220703125,369.20001220703125,369.20001220703125,397137
2020-09-24,354.8500061035156,364.0,350.75,350.8999938964844,350.8999938964844,521619
2020-09-25,356.25,368.3999938964844,337.3500061035156,366.75,366.75,548611
2020-09-28,378.79998779296875,385.04998779296875,378.0,385.04998779296875,385.04998779296875,61541
2020-09-29,404.29998779296875,404.29998779296875,391.6000061035156,404.29998779296875,404.29998779296875,675789
2020-09-30,414.0,424.5,410.0,424.5,424.5,576335
2020-10-01,445.70001220703125,445.70001220703125,438.3999938964844,445.70001220703125,445.70001220703125,392990
2020-10-05,462.3999938964844,467.95001220703125,460.04998779296875,467.95001220703125,467.95001220703125,322859
2020-10-06,487.3999938964844,491.29998779296875,486.0,491.29998779296875,491.29998779296875,68814
2020-10-07,515.8499755859375,515.8499755859375,515.8499755859375,515.8499755859375,515.8499755859375,28963
2020-10-08,541.5999755859375,541.5999755859375,490.1000061035156,490.1000061035156,490.1000061035156,641337
2020-10-09,465.6000061035156,490.8999938964844,465.6000061035156,465.75,465.75,1052903
2020-10-12,475.0,489.0,466.0,489.0,489.0,562869
2020-10-13,507.79998779296875,513.4500122070312,492.0,513.4500122070312,513.4500122070312,441672
2020-10-14,528.4000244140625,534.9000244140625,490.0,512.5499877929688,512.5499877929688,762670
2020-10-15,502.0,531.5,487.0,490.29998779296875,490.29998779296875,549749
2020-10-16,500.0,514.7999877929688,485.54998779296875,512.7999877929688,512.7999877929688,407166
2020-10-19,528.4000244140625,532.7000122070312,504.0,507.95001220703125,507.95001220703125,300521
2020-10-20,511.0,514.9500122070312,484.0,491.04998779296875,491.04998779296875,287902
2020-10-21,491.5,500.0,466.5,470.1499938964844,470.1499938964844,419044
2020-10-22,473.0,476.79998779296875,449.0,453.29998779296875,453.29998779296875,380880
2020-10-23,452.75,475.95001220703125,441.0,475.95001220703125,475.95001220703125,582731
2020-10-26,480.0,492.0,466.3500061035156,472.45001220703125,472.45001220703125,346333
2020-10-27,472.3999938964844,490.0,460.54998779296875,481.6000061035156,481.6000061035156,268300
2020-10-28,486.3999938964844,486.3999938964844,470.54998779296875,477.04998779296875,477.04998779296875,133170
2020-10-29,467.54998779296875,488.20001220703125,462.3999938964844,475.0,475.0,179160
2020-10-30,473.0,485.0,470.0,471.79998779296875,471.79998779296875,99610
2020-11-02,462.6000061035156,480.8500061035156,462.0,464.3500061035156,464.3500061035156,147177
2020-11-03,475.0,478.5,441.1499938964844,448.5,448.5,299140
2020-11-04,459.8999938964844,468.3999938964844,426.1000061035156,428.45001220703125,428.45001220703125,470242
2020-11-05,429.70001220703125,449.8500061035156,410.79998779296875,448.3999938964844,448.3999938964844,321366
2020-11-06,452.0,462.0,440.0,448.8999938964844,448.8999938964844,274256
2020-11-09,455.0,459.0,450.0,457.6499938964844,457.6499938964844,208455
2020-11-10,461.70001220703125,470.79998779296875,441.04998779296875,463.6000061035156,463.6000061035156,301921
2020-11-11,466.1000061035156,469.8999938964844,451.8500061035156,453.3999938964844,453.3999938964844,133638
2020-11-12,454.70001220703125,457.8999938964844,436.54998779296875,449.6000061035156,449.6000061035156,137322
2020-11-13,449.0,472.04998779296875,441.6000061035156,462.8999938964844,462.8999938964844,447461
2020-11-14,466.8999938964844,467.3999938964844,458.1000061035156,460.5,460.5,47794
2020-11-17,460.0,465.0,448.0,451.25,451.25,189686
2020-11-18,454.70001220703125,461.0,442.1499938964844,445.29998779296875,445.29998779296875,133099
2020-11-19,445.0,454.25,431.95001220703125,435.6000061035156,435.6000061035156,131717
2020-11-20,439.0,444.8999938964844,426.04998779296875,432.79998779296875,432.79998779296875,110848
2020-11-23,438.0,452.0,431.0,445.0,445.0,183306
2020-11-24,449.70001220703125,454.25,446.04998779296875,450.5,450.5,119666
2020-11-25,452.95001220703125,456.20001220703125,441.0,446.95001220703125,446.95001220703125,190618
2020-11-26,448.0,453.75,440.70001220703125,445.04998779296875,445.04998779296875,136653
2020-11-27,449.0,450.0,442.0,445.70001220703125,445.70001220703125,132678
2020-12-01,445.0,467.95001220703125,442.0,467.95001220703125,467.95001220703125,368945
2020-12-02,475.3999938964844,478.79998779296875,455.1000061035156,460.54998779296875,460.54998779296875,343172
2020-12-03,461.6499938964844,472.0,457.70001220703125,459.8500061035156,459.8500061035156,202622
2020-12-04,463.70001220703125,482.79998779296875,459.5,482.79998779296875,482.79998779296875,487384
2020-12-07,495.0,508.70001220703125,473.8500061035156,489.04998779296875,489.04998779296875,416559
2020-12-08,492.95001220703125,498.29998779296875,480.0,485.6000061035156,485.6000061035156,162823
2020-12-09,490.0,534.1500244140625,490.0,519.6500244140625,519.6500244140625,1004169
2020-12-10,522.75,528.0,490.0,516.4000244140625,516.4000244140625,372556
2020-12-11,525.0,568.0,521.25,565.8499755859375,565.8499755859375,774746
2020-12-14,570.7000122070312,616.25,570.0,606.3499755859375,606.3499755859375,886565
2020-12-15,614.7999877929688,616.0,570.0,598.5999755859375,598.5999755859375,413295
2020-12-16,603.9000244140625,605.0,582.0999755859375,589.25,589.25,247564
2020-12-17,590.0999755859375,593.6500244140625,575.0,579.25,579.25,264510
2020-12-18,585.0,589.9500122070312,580.0499877929688,582.9000244140625,582.9000244140625,134920
2020-12-21,587.7999877929688,607.0,524.6500244140625,537.6500244140625,537.6500244140625,522868
2020-12-22,542.0,570.0,530.5,567.0499877929688,567.0499877929688,355945
2020-12-23,576.0,619.9000244140625,576.0,603.0999755859375,603.0999755859375,558430
2020-12-24,613.0,613.9000244140625,591.0,608.7000122070312,608.7000122070312,299282
2020-12-28,614.7000122070312,617.0,601.2000122070312,603.4500122070312,603.4500122070312,120241
2020-12-29,610.0,610.0,594.0,599.9000244140625,599.9000244140625,99763
2020-12-30,597.5499877929688,615.9500122070312,591.0499877929688,599.7999877929688,599.7999877929688,122988
2020-12-31,596.0,604.8499755859375,596.0,599.75,599.75,52514
2021-01-01,615.0,615.0,600.0,601.0,601.0,51155
2021-01-04,604.9000244140625,661.0999755859375,601.0499877929688,661.0999755859375,661.0999755859375,539222
2021-01-05,660.0,727.2000122070312,646.2000122070312,727.2000122070312,727.2000122070312,1016442
2021-01-06,738.0,756.9000244140625,696.0,715.2000122070312,715.2000122070312,663052
2021-01-07,735.0,747.0,720.0999755859375,726.5,726.5,202313
2021-01-08,740.0,740.0,717.0,720.5499877929688,720.5499877929688,109536
2021-01-11,725.0,785.0,708.9000244140625,753.7000122070312,753.7000122070312,510938
2021-01-12,753.9000244140625,765.5,741.1500244140625,744.9000244140625,744.9000244140625,155316
2021-01-13,753.9000244140625,757.6500244140625,691.0499877929688,715.5999755859375,715.5999755859375,255150
2021-01-14,724.7999877929688,733.5999755859375,699.25,701.75,701.75,159190
2021-01-15,705.0,714.9500122070312,697.0999755859375,704.6500244140625,704.6500244140625,80366
2021-01-18,712.0,712.0,642.2000122070312,682.0499877929688,682.0499877929688,142663
2021-01-19,685.0499877929688,710.0,685.0499877929688,697.9000244140625,697.9000244140625,65961
2021-01-20,697.0,712.0,686.4500122070312,690.9500122070312,690.9500122070312,92213
2021-01-21,696.7000122070312,698.8499755859375,680.0999755859375,685.4000244140625,685.4000244140625,85138
2021-01-22,687.0,687.0,661.0999755859375,670.5499877929688,670.5499877929688,94295
2021-01-25,676.0,676.0,627.25,638.25,638.25,134708
2021-01-27,637.5,671.4500122070312,623.4000244140625,638.75,638.75,182317
2021-01-28,634.1500244140625,656.0,624.8499755859375,642.75,642.75,69739
2021-01-29,650.0,664.5499877929688,643.0,651.0999755859375,651.0999755859375,76024
2021-02-01,646.0,668.0,632.5999755859375,655.9000244140625,655.9000244140625,81876
2021-02-02,660.9500122070312,675.9500122070312,633.0,639.1500244140625,639.1500244140625,126824
2021-02-03,644.9000244140625,664.9000244140625,641.0999755859375,655.3499755859375,655.3499755859375,104892
2021-02-04,675.0,684.9000244140625,640.7000122070312,644.0,644.0,163106
2021-02-05,653.7000122070312,664.0,630.0499877929688,639.3499755859375,639.3499755859375,120564
2021-02-08,645.0,649.0,634.7999877929688,640.4500122070312,640.4500122070312,208192
2021-02-09,648.0,653.9500122070312,628.0,633.3499755859375,633.3499755859375,117086
2021-02-10,643.8499755859375,643.8499755859375,623.2000122070312,626.0,626.0,70975
2021-02-11,626.0,645.0,620.9500122070312,636.2000122070312,636.2000122070312,82382
2021-02-12,640.5499877929688,645.2000122070312,624.0,626.7000122070312,626.7000122070312,57405
2021-02-15,620.0,629.0,611.0,614.5999755859375,614.5999755859375,140450
2021-02-16,615.0,620.0,580.5499877929688,590.7999877929688,590.7999877929688,190128
2021-02-17,585.0,605.5,582.25,589.7000122070312,589.7000122070312,142712
2021-02-18,591.0,598.7000122070312,581.2000122070312,583.9500122070312,583.9500122070312,74556
2021-02-19,584.9500122070312,591.5,562.25,569.0,569.0,131639
2021-02-22,574.0,578.9500122070312,557.0,560.3499755859375,560.3499755859375,61538
2021-02-23,556.4500122070312,646.75,556.4500122070312,627.3499755859375,627.3499755859375,673166
2021-02-24,635.0,645.4500122070312,608.0499877929688,619.7999877929688,619.7999877929688,177132
2021-02-25,625.25,627.7000122070312,603.25,608.2999877929688,608.2999877929688,98827
2021-02-26,600.0,601.0499877929688,580.6500244140625,584.9500122070312,584.9500122070312,108861
2021-03-01,585.0999755859375,591.0,570.0,581.6500244140625,581.6500244140625,96993
2021-03-02,585.6500244140625,611.9500122070312,585.6500244140625,592.2999877929688,592.2999877929688,107376
2021-03-03,598.5499877929688,615.9500122070312,595.2999877929688,597.9000244140625,597.9000244140625,72531
2021-03-04,594.0,608.0,590.0,591.0999755859375,591.0999755859375,65739
2021-03-05,591.0999755859375,595.0,580.0,585.2999877929688,585.2999877929688,56006
2021-03-08,585.2999877929688,594.9000244140625,574.0499877929688,581.0,581.0,64231
2021-03-09,576.2999877929688,587.5,563.0999755859375,571.0999755859375,571.0999755859375,54571
2021-03-10,574.0,587.5999755859375,570.9000244140625,577.2000122070312,577.2000122070312,66203
2021-03-12,583.7000122070312,614.0,577.25,593.5,593.5,175123
2021-03-15,599.7000122070312,599.7000122070312,583.0,589.75,589.75,64728
2021-03-16,594.0,621.7000122070312,590.4500122070312,608.4500122070312,608.4500122070312,366511
2021-03-17,611.6500244140625,618.0,595.0999755859375,596.9000244140625,596.9000244140625,110788
2021-03-18,601.9000244140625,604.0,570.0499877929688,588.9000244140625,588.9000244140625,106521
2021-03-19,575.3499755859375,585.0,555.0,578.7000122070312,578.7000122070312,111765
2021-03-22,584.5499877929688,585.2000122070312,568.0,578.7999877929688,578.7999877929688,72431
2021-03-23,571.7999877929688,587.6500244140625,571.7999877929688,576.4000244140625,576.4000244140625,45200
2021-03-24,576.0,582.8499755859375,565.6500244140625,570.7999877929688,570.7999877929688,62128
2021-03-25,571.0,576.0,525.0999755859375,541.7999877929688,541.7999877929688,167040
2021-03-26,541.0999755859375,556.5,511.70001220703125,528.9500122070312,528.9500122070312,326617
2021-03-30,529.0,551.5999755859375,529.0,545.9000244140625,545.9000244140625,77243
2021-03-31,547.0,564.7999877929688,525.0999755859375,529.5499877929688,529.5499877929688,71524
2021-04-01,533.7999877929688,594.0,533.0499877929688,570.5,570.5,341687
2021-04-05,563.5,578.0,553.2999877929688,567.0999755859375,567.0999755859375,204397
2021-04-06,574.0,577.0,554.4000244140625,558.2000122070312,558.2000122070312,73019
2021-04-07,563.5499877929688,590.0,560.0499877929688,575.5499877929688,575.5499877929688,224190
2021-04-08,582.5999755859375,607.2999877929688,570.2999877929688,587.5499877929688,587.5499877929688,406026
2021-04-09,592.0,603.0,583.0499877929688,586.2999877929688,586.2999877929688,133886
2021-04-12,580.0,582.0,542.0,544.7999877929688,544.7999877929688,119540
2021-04-13,546.0,567.3499755859375,543.0,555.6500244140625,555.6500244140625,172875
2021-04-15,550.5499877929688,558.9500122070312,518.0,524.1500244140625,524.1500244140625,219360
2021-04-16,525.0999755859375,534.0,500.1000061035156,503.79998779296875,503.79998779296875,381301
2021-04-19,499.0,499.0,459.29998779296875,495.3500061035156,495.3500061035156,497068
2021-04-20,501.0,518.0,499.6000061035156,507.6000061035156,507.6000061035156,163292
2021-04-22,511.0,511.0,494.04998779296875,500.5,500.5,82122
2021-04-23,504.0,524.1500244140625,497.3500061035156,505.3500061035156,505.3500061035156,117005
2021-04-26,512.7000122070312,523.0499877929688,498.5,500.3999938964844,500.3999938964844,117266
2021-04-27,504.3999938964844,508.0,498.1000061035156,500.25,500.25,56232
2021-04-28,507.0,512.3499755859375,488.1000061035156,490.0,490.0,149188
2021-04-29,495.70001220703125,498.3999938964844,474.0,485.8500061035156,485.8500061035156,157147
2021-04-30,483.6000061035156,490.0,478.6499938964844,485.5,485.5,90715
2021-05-03,482.0,497.29998779296875,474.25,492.6000061035156,492.6000061035156,163511
2021-05-04,497.3999938964844,531.7000122070312,496.5,514.3499755859375,514.3499755859375,289942
2021-05-05,521.0,524.0,507.5,514.8499755859375,514.8499755859375,81875
2021-05-06,518.9500122070312,518.9500122070312,495.1000061035156,504.1499938964844,504.1499938964844,291987
2021-05-07,508.0,518.9500122070312,506.6499938964844,510.04998779296875,510.04998779296875,135432
2021-05-10,512.0,522.9500122070312,510.04998779296875,516.5499877929688,516.5499877929688,112371
2021-05-11,514.0,525.0999755859375,510.04998779296875,519.0999755859375,519.0999755859375,122063
2021-05-12,521.0,524.0,514.0,515.6500244140625,515.6500244140625,65203
2021-05-14,521.7000122070312,523.0,505.70001220703125,516.4500122070312,516.4500122070312,99218
2021-05-17,510.25,540.0,509.79998779296875,525.9000244140625,525.9000244140625,232836
2021-05-18,528.2000122070312,564.0,528.0,559.1500244140625,559.1500244140625,256865
2021-05-19,565.0,577.0,547.7000122070312,561.0999755859375,561.0999755859375,134569
2021-05-20,565.5999755859375,569.75,550.9500122070312,553.4000244140625,553.4000244140625,81778
2021-05-21,558.9500122070312,568.0,556.0499877929688,565.75,565.75,82438
2021-05-24,572.0,580.0,544.0,552.0499877929688,552.0499877929688,134822
2021-05-25,550.9000244140625,579.9000244140625,550.9000244140625,572.7999877929688,572.7999877929688,230755
2021-05-26,526.5,608.0,525.0,557.5499877929688,557.5499877929688,822207
2021-05-27,558.0,585.0,544.9500122070312,562.7000122070312,562.7000122070312,398553
2021-05-28,569.9000244140625,579.0,559.7999877929688,564.0,564.0,117973
2021-05-31,562.1500244140625,569.9000244140625,551.0,554.3499755859375,554.3499755859375,78836
2021-06-01,550.2999877929688,562.0,530.1500244140625,533.1500244140625,533.1500244140625,129635
2021-06-02,534.75,559.0,533.1500244140625,550.25,550.25,154952
2021-06-03,557.6500244140625,569.0,550.0,557.25,557.25,120874
2021-06-04,561.7000122070312,565.75,552.5499877929688,556.5999755859375,556.5999755859375,94675
2021-06-07,560.9000244140625,564.2999877929688,551.2000122070312,552.6500244140625,552.6500244140625,84295
2021-06-08,555.0,562.4500122070312,542.25,552.6500244140625,552.6500244140625,92294
2021-06-09,555.0,559.7999877929688,540.0,541.7999877929688,541.7999877929688,101380
2021-06-10,545.9500122070312,549.5499877929688,542.25,546.1500244140625,546.1500244140625,38571
2021-06-11,549.9000244140625,561.9500122070312,546.5,559.4500122070312,559.4500122070312,115594
2021-06-14,563.7999877929688,567.5999755859375,540.5,552.6500244140625,552.6500244140625,76875
2021-06-15,555.0,555.0,542.0,545.25,545.25,81208
2021-06-16,549.25,557.7000122070312,541.0,543.0499877929688,543.0499877929688,90779
2021-06-17,535.0499877929688,548.0,534.0,535.7999877929688,535.7999877929688,77735
2021-06-18,545.0,545.7999877929688,519.2999877929688,526.5,526.5,78450
2021-06-21,518.0,531.1500244140625,517.0,524.9500122070312,524.9500122070312,50813
2021-06-22,528.7999877929688,560.0,528.7999877929688,549.5999755859375,549.5999755859375,169871
2021-06-23,535.0999755859375,646.5999755859375,535.0999755859375,634.75,634.75,2523324
2021-06-24,638.0,665.6500244140625,604.0,614.4000244140625,614.4000244140625,1048250
2021-06-25,619.2999877929688,640.2999877929688,611.0,623.9000244140625,623.9000244140625,379375
2021-06-28,623.0999755859375,627.1500244140625,591.0,599.0499877929688,599.0499877929688,247176
2021-06-29,605.0,629.9000244140625,605.0,615.2999877929688,615.2999877929688,425754
2021-06-30,622.0,626.3499755859375,605.0,608.4500122070312,608.4500122070312,141015
2021-07-01,611.8499755859375,612.8499755859375,595.2000122070312,597.5999755859375,597.5999755859375,102533
2021-07-02,601.7999877929688,636.75,600.4500122070312,626.8499755859375,626.8499755859375,428671
2021-07-05,631.5999755859375,656.0,631.1500244140625,636.25,636.25,303650
2021-07-06,639.0,651.2999877929688,619.0,622.3499755859375,622.3499755859375,173016
2021-07-07,620.0,645.0999755859375,617.25,627.7000122070312,627.7000122070312,118417
2021-07-08,627.5,633.0,615.5,617.9500122070312,617.9500122070312,82619
2021-07-09,618.0,626.9500122070312,616.25,618.2000122070312,618.2000122070312,57412
2021-07-12,618.0,626.9500122070312,615.7000122070312,617.1500244140625,617.1500244140625,63668
2021-07-13,617.7000122070312,624.4500122070312,615.0,616.4000244140625,616.4000244140625,51867
2021-07-14,617.5,635.0,617.0999755859375,621.75,621.75,125234
2021-07-15,626.9000244140625,675.9500122070312,621.0,649.1500244140625,649.1500244140625,969283
2021-07-16,650.0,687.25,650.0,667.25,667.25,702091
2021-07-19,666.9000244140625,682.5,655.0,663.6500244140625,663.6500244140625,194767
2021-07-20,670.0,673.75,627.0,636.9000244140625,636.9000244140625,207260
2021-07-22,644.0,649.7999877929688,621.25,627.2000122070312,627.2000122070312,192063
2021-07-23,632.8499755859375,640.0,621.0499877929688,627.2999877929688,627.2999877929688,124525
2021-07-26,633.0,646.0,625.25,641.4000244140625,641.4000244140625,179592
2021-07-27,650.0,657.75,625.6500244140625,635.5499877929688,635.5499877929688,139664
2021-07-28,635.2000122070312,640.0,610.6500244140625,621.25,621.25,135513
2021-07-29,531.3499755859375,579.0,531.3499755859375,549.4500122070312,549.4500122070312,706687
2021-07-30,548.0,549.7000122070312,516.5499877929688,531.8499755859375,531.8499755859375,415444
2021-08-02,532.25,541.1500244140625,521.75,524.0,524.0,194392
2021-08-03,533.0,533.0,515.0999755859375,519.7999877929688,519.7999877929688,196947
2021-08-04,525.0,525.0,515.0,517.0499877929688,517.0499877929688,132189
2021-08-05,518.0,527.8499755859375,515.0,516.6500244140625,516.6500244140625,148943
2021-08-06,520.0,523.0,515.7999877929688,517.0,517.0,61750
2021-08-09,517.0,519.5499877929688,482.0,499.5,499.5,216033
2021-08-10,502.3999938964844,506.8999938964844,486.0,488.29998779296875,488.29998779296875,118136
2021-08-11,491.1499938964844,492.45001220703125,468.04998779296875,487.3999938964844,487.3999938964844,130572
2021-08-12,488.0,496.5,473.8999938964844,479.29998779296875,479.29998779296875,241826
2021-08-13,484.0,486.95001220703125,470.04998779296875,473.6499938964844,473.6499938964844,241997
2021-08-16,474.0,480.29998779296875,470.0,471.6499938964844,471.6499938964844,86804
2021-08-17,473.0,490.29998779296875,450.0,466.29998779296875,466.29998779296875,246946
2021-08-18,479.0,499.0,470.25,490.20001220703125,490.20001220703125,254142
2021-08-20,490.0,501.8999938964844,449.20001220703125,461.04998779296875,461.04998779296875,307250
2021-08-23,461.0,464.8500061035156,430.95001220703125,445.6499938964844,445.6499938964844,313881
2021-08-24,446.0,479.95001220703125,445.29998779296875,475.1000061035156,475.1000061035156,139231
2021-08-25,479.75,485.0,470.0,476.45001220703125,476.45001220703125,64709
2021-08-26,479.54998779296875,483.1000061035156,444.04998779296875,447.8999938964844,447.8999938964844,270001
2021-08-27,446.0,456.95001220703125,446.0,451.45001220703125,451.45001220703125,84866
2021-08-30,458.0,465.0,452.45001220703125,458.3500061035156,458.3500061035156,64811
2021-08-31,455.54998779296875,466.0,451.0,453.04998779296875,453.04998779296875,99602
2021-09-01,457.0,484.3500061035156,451.79998779296875,455.75,455.75,375842
2021-09-02,459.8999938964844,468.25,453.8999938964844,462.75,462.75,102186
2021-09-03,461.1000061035156,472.0,454.3500061035156,461.1000061035156,461.1000061035156,91569
2021-09-06,464.79998779296875,485.0,460.0,474.70001220703125,474.70001220703125,213881
2021-09-07,476.5,481.3999938964844,461.29998779296875,464.1499938964844,464.1499938964844,64544
2021-09-08,464.1499938964844,467.79998779296875,458.0,459.75,459.75,74839
2021-09-09,462.79998779296875,466.0,454.6499938964844,461.1499938964844,461.1499938964844,60853
2021-09-13,463.0,469.20001220703125,458.04998779296875,461.79998779296875,461.79998779296875,105360
2021-09-14,465.5,466.95001220703125,458.1499938964844,462.1000061035156,462.1000061035156,80977
2021-09-15,466.45001220703125,526.7000122070312,463.1000061035156,509.75,509.75,1048793
2021-09-16,514.4000244140625,520.0,500.25,506.75,506.75,271138
2021-09-17,505.70001220703125,510.0,487.3999938964844,504.8500061035156,504.8500061035156,196487
2021-09-20,492.79998779296875,508.3999938964844,482.3999938964844,486.6000061035156,486.6000061035156,101708
2021-09-21,492.3999938964844,492.3999938964844,475.1000061035156,482.6000061035156,482.6000061035156,83394
2021-09-22,483.5,496.75,483.5,486.3500061035156,486.3500061035156,75037
2021-09-23,494.0,509.95001220703125,491.29998779296875,498.3999938964844,498.3999938964844,120368
2021-09-24,504.8999938964844,519.0,491.95001220703125,492.95001220703125,492.95001220703125,159804
2021-09-27,490.54998779296875,499.0,487.04998779296875,492.70001220703125,492.70001220703125,69356
2021-09-28,494.79998779296875,496.29998779296875,477.0,486.1000061035156,486.1000061035156,74597
2021-09-29,491.0,491.0,477.5,481.70001220703125,481.70001220703125,53837
2021-09-30,483.6000061035156,489.8999938964844,475.04998779296875,480.04998779296875,480.04998779296875,50422
2021-10-01,479.8999938964844,488.8999938964844,476.8500061035156,482.70001220703125,482.70001220703125,51354
2021-10-04,486.25,490.5,482.0,483.1499938964844,483.1499938964844,47074
2021-10-05,482.0,489.20001220703125,480.04998779296875,485.0,485.0,41551
2021-10-06,487.0,498.0,483.0,485.6000061035156,485.6000061035156,77992
2021-10-07,486.0,494.75,473.0,476.04998779296875,476.04998779296875,131638
2021-10-08,479.6000061035156,484.8999938964844,473.0,479.0,479.0,85558
2021-10-11,481.0,486.79998779296875,477.25,480.1499938964844,480.1499938964844,51885
2021-10-12,481.0,483.29998779296875,475.04998779296875,476.29998779296875,476.29998779296875,213131
2021-10-13,479.95001220703125,484.25,468.6000061035156,470.3500061035156,470.3500061035156,282525
2021-10-14,476.8999938964844,493.95001220703125,465.0,472.04998779296875,472.04998779296875,274631
2021-10-18,475.45001220703125,484.0,472.5,475.0,475.0,189571
2021-10-19,479.8999938964844,482.95001220703125,470.95001220703125,471.54998779296875,471.54998779296875,129953
2021-10-20,479.25,479.25,460.54998779296875,464.3500061035156,464.3500061035156,72932
2021-10-21,464.5,469.5,454.0,458.6499938964844,458.6499938964844,53041
2021-10-22,460.6000061035156,465.79998779296875,452.25,454.75,454.75,53770
2021-10-25,469.0,469.0,444.5,447.0,447.0,88061
2021-10-26,447.20001220703125,456.5,447.20001220703125,453.5,453.5,69982
2021-10-27,458.0,458.0,444.0,447.45001220703125,447.45001220703125,154734
2021-10-28,424.0,428.0,408.20001220703125,414.3500061035156,414.3500061035156,272666
2021-10-29,415.0,422.04998779296875,407.45001220703125,414.1000061035156,414.1000061035156,123515
2021-11-01,418.70001220703125,421.3500061035156,395.25,397.6499938964844,397.6499938964844,140618
2021-11-02,399.8999938964844,404.95001220703125,395.6000061035156,399.6499938964844,399.6499938964844,78238
2021-11-03,399.6499938964844,403.6000061035156,369.3999938964844,391.6499938964844,391.6499938964844,315510
2021-11-04,394.8999938964844,406.0,394.8999938964844,403.95001220703125,403.95001220703125,41243
2021-11-08,406.0,406.95001220703125,395.0,396.1499938964844,396.1499938964844,83084
2021-11-09,397.0,409.20001220703125,380.0,403.25,403.25,226288
2021-11-10,405.0,414.95001220703125,401.45001220703125,410.29998779296875,410.29998779296875,117308
2021-11-11,410.29998779296875,415.45001220703125,402.6000061035156,405.3500061035156,405.3500061035156,66969
2021-11-12,405.3500061035156,410.3999938964844,397.8999938964844,399.54998779296875,399.54998779296875,52757
2021-11-15,402.0,402.0,389.20001220703125,392.54998779296875,392.54998779296875,62362
2021-11-16,392.54998779296875,401.6000061035156,392.0,394.0,394.0,53017
2021-11-17,400.0,422.3999938964844,400.0,410.3999938964844,410.3999938964844,318397
2021-11-18,410.0,414.0,396.3999938964844,400.6499938964844,400.6499938964844,52513
2021-11-22,401.0,405.45001220703125,377.0,383.1499938964844,383.1499938964844,74381
2021-11-23,383.5,393.5,374.8999938964844,389.0,389.0,55953
2021-11-24,393.0,401.29998779296875,385.0,387.20001220703125,387.20001220703125,52198
2021-11-25,393.0,395.0,388.1499938964844,393.25,393.25,52656
2021-11-26,390.0,397.6000061035156,381.0,391.95001220703125,391.95001220703125,61388
2021-11-29,382.0,383.95001220703125,367.0,370.3500061035156,370.3500061035156,100341
2021-11-30,371.95001220703125,384.25,371.95001220703125,380.6499938964844,380.6499938964844,43772
2021-12-01,380.6499938964844,383.0,373.54998779296875,374.6499938964844,374.6499938964844,43975
2021-12-02,377.95001220703125,398.0,371.8999938964844,392.0,392.0,65757
2021-12-03,402.0,470.3999938964844,400.0,470.3999938964844,470.3999938964844,1251929
2021-12-06,485.0,507.70001220703125,465.0,475.04998779296875,475.04998779296875,1217766
2021-12-07,475.0,484.3999938964844,450.0,455.45001220703125,455.45001220703125,285414
2021-12-08,459.0,467.95001220703125,450.04998779296875,455.95001220703125,455.95001220703125,99671
2021-12-09,456.0,458.79998779296875,443.1000061035156,446.8500061035156,446.8500061035156,73620
2021-12-10,447.1000061035156,496.0,447.1000061035156,474.8999938964844,474.8999938964844,474220
2021-12-13,478.0,490.0,471.45001220703125,473.8999938964844,473.8999938964844,96439
2021-12-14,471.79998779296875,477.5,461.0,464.45001220703125,464.45001220703125,51635
2021-12-15,466.0,470.8500061035156,454.0,458.8500061035156,458.8500061035156,32285
2021-12-16,459.1000061035156,478.1499938964844,452.95001220703125,455.54998779296875,455.54998779296875,98952
2021-12-17,460.0,465.04998779296875,428.3500061035156,433.54998779296875,433.54998779296875,127087
2021-12-20,415.04998779296875,431.75,415.0,420.45001220703125,420.45001220703125,75684
2021-12-21,418.54998779296875,483.70001220703125,418.54998779296875,463.0,463.0,718511
2021-12-22,472.8999938964844,480.0,455.0,458.79998779296875,458.79998779296875,144204
2021-12-23,462.54998779296875,475.0,454.0,464.04998779296875,464.04998779296875,117055
2021-12-24,466.0,480.0,461.0,463.3999938964844,463.3999938964844,150196
2021-12-27,465.0,468.0,450.0,455.6000061035156,455.6000061035156,57525
2021-12-28,457.54998779296875,490.29998779296875,457.3500061035156,483.0,483.0,295285
2021-12-29,486.0,489.79998779296875,468.0,470.3999938964844,470.3999938964844,180055
2021-12-30,474.0,499.79998779296875,471.1499938964844,477.3500061035156,477.3500061035156,380694
2021-12-31,480.0,487.95001220703125,469.1000061035156,472.8999938964844,472.8999938964844,85807
2022-01-03,475.0,483.6499938964844,465.79998779296875,470.5,470.5,110124
2022-01-04,470.5,474.0,454.20001220703125,457.25,457.25,117331
2022-01-05,457.25,466.0,449.0,453.79998779296875,453.79998779296875,84409
2022-01-06,452.0,464.45001220703125,450.0,456.20001220703125,456.20001220703125,83474
2022-01-07,459.8999938964844,473.3500061035156,448.0,449.5,449.5,167171
2022-01-10,454.70001220703125,454.70001220703125,439.5,440.75,440.75,133384
2022-01-11,442.0,445.70001220703125,440.0,443.3999938964844,443.3999938964844,86370
2022-01-12,442.0,455.0,442.0,444.79998779296875,444.79998779296875,70894
2022-01-13,447.95001220703125,453.54998779296875,442.04998779296875,446.29998779296875,446.29998779296875,101175
2022-01-14,443.95001220703125,458.5,442.0,449.45001220703125,449.45001220703125,117872
2022-01-17,451.0,452.8999938964844,441.04998779296875,442.8500061035156,442.8500061035156,75400
2022-01-18,445.6000061035156,449.04998779296875,434.29998779296875,437.25,437.25,79117
2022-01-19,439.29998779296875,442.04998779296875,432.25,434.54998779296875,434.54998779296875,72302
2022-01-20,434.54998779296875,436.54998779296875,428.0,429.6499938964844,429.6499938964844,59377
2022-01-21,428.3999938964844,428.3999938964844,410.0,419.20001220703125,419.20001220703125,67775
2022-01-24,419.1000061035156,424.75,393.3500061035156,403.0,403.0,112888
2022-01-25,400.0,422.04998779296875,386.0,412.6499938964844,412.6499938964844,89493
2022-01-27,404.95001220703125,410.20001220703125,398.6000061035156,403.5,403.5,43309
2022-01-28,406.45001220703125,410.6000061035156,397.79998779296875,399.6000061035156,399.6000061035156,44643
2022-01-31,405.29998779296875,416.3999938964844,402.8999938964844,406.1499938964844,406.1499938964844,95377
2022-02-01,409.0,411.0,400.8999938964844,408.3500061035156,408.3500061035156,49561
2022-02-02,412.20001220703125,422.3999938964844,409.45001220703125,417.20001220703125,417.20001220703125,59199
2022-02-03,417.0,419.95001220703125,398.0,401.29998779296875,401.29998779296875,190245
2022-02-04,404.5,407.95001220703125,400.25,403.1000061035156,403.1000061035156,43533
2022-02-07,402.3999938964844,407.95001220703125,396.0,398.6000061035156,398.6000061035156,41523
2022-02-08,400.6000061035156,401.95001220703125,383.1499938964844,394.45001220703125,394.45001220703125,55264
2022-02-09,396.6000061035156,406.25,395.04998779296875,400.20001220703125,400.20001220703125,38385
2022-02-10,404.0,404.0,395.20001220703125,397.3999938964844,397.3999938964844,35596
2022-02-11,393.0,397.0,383.29998779296875,385.6000061035156,385.6000061035156,65009
2022-02-14,359.0,367.45001220703125,337.20001220703125,340.8999938964844,340.8999938964844,242308
2022-02-15,358.0,358.0,310.20001220703125,332.3500061035156,332.3500061035156,323252
2022-02-16,335.0,373.3999938964844,335.0,352.6000061035156,352.6000061035156,539419
2022-02-17,357.8999938964844,358.45001220703125,343.1000061035156,347.29998779296875,347.29998779296875,120272
2022-02-18,347.95001220703125,351.79998779296875,332.3500061035156,335.79998779296875,335.79998779296875,90736
2022-02-21,334.5,335.0,324.0,326.1499938964844,326.1499938964844,97269
2022-02-22,315.0,324.29998779296875,310.0,314.3500061035156,314.3500061035156,115026
2022-02-23,315.0,322.54998779296875,308.0,308.95001220703125,308.95001220703125,155279
2022-02-24,299.0,303.04998779296875,274.6499938964844,276.1499938964844,276.1499938964844,315935
2022-02-25,280.20001220703125,309.45001220703125,280.20001220703125,304.3999938964844,304.3999938964844,247180
2022-02-28,300.0,304.3999938964844,290.0,301.29998779296875,301.29998779296875,92459
2022-03-02,292.0,302.04998779296875,292.0,296.6000061035156,296.6000061035156,83343
2022-03-03,300.0,308.70001220703125,297.0,300.20001220703125,300.20001220703125,145736
2022-03-04,292.5,298.0,285.0,287.6000061035156,287.6000061035156,94005
2022-03-07,284.0,290.95001220703125,281.3999938964844,283.3999938964844,283.3999938964844,105345
2022-03-08,283.5,298.0,283.5,294.3999938964844,294.3999938964844,119067
2022-03-09,299.0,322.54998779296875,297.8999938964844,308.0,308.0,292175
2022-03-10,316.0,317.0,304.8999938964844,308.8500061035156,308.8500061035156,138744
2022-03-11,310.0,312.6499938964844,298.0,300.8999938964844,300.8999938964844,197458
2022-03-14,300.0,302.8999938964844,293.45001220703125,295.8500061035156,295.8500061035156,66789
2022-03-15,298.0,302.8999938964844,290.0,291.70001220703125,291.70001220703125,141570
2022-03-16,297.54998779296875,299.70001220703125,289.0,290.8999938964844,290.8999938964844,136612
2022-03-17,297.0,298.20001220703125,291.1000061035156,292.3999938964844,292.3999938964844,174545
2022-03-21,298.45001220703125,302.0,294.3500061035156,296.25,296.25,136596
2022-03-22,297.0,298.79998779296875,292.45001220703125,293.75,293.75,70643
2022-03-23,296.0,297.70001220703125,286.0,288.1499938964844,288.1499938964844,162573
2022-03-24,287.0,288.95001220703125,284.1000061035156,285.29998779296875,285.29998779296875,107869
2022-03-25,287.75,289.95001220703125,280.04998779296875,281.70001220703125,281.70001220703125,86742
2022-03-28,282.8999938964844,282.8999938964844,270.0,272.5,272.5,135134
2022-03-29,277.8500061035156,277.8500061035156,262.0,264.3999938964844,264.3999938964844,210421
2022-03-30,270.25,280.0,264.0,265.3500061035156,265.3500061035156,168584
2022-03-31,270.0,273.0,262.6000061035156,264.25,264.25,133736
2022-04-01,265.0,285.0,265.0,281.20001220703125,281.20001220703125,193135
2022-04-04,287.95001220703125,307.8999938964844,285.0,298.1499938964844,298.1499938964844,367550
2022-04-05,300.54998779296875,312.70001220703125,300.0,310.75,310.75,236104
2022-04-06,310.0,327.0,306.5,321.45001220703125,321.45001220703125,228751
2022-04-07,324.04998779296875,375.0,323.5,357.3500061035156,357.3500061035156,1221579
2022-04-08,364.0,371.0,357.20001220703125,363.1499938964844,363.1499938964844,380809
2022-04-11,363.0,367.0,350.0,352.1000061035156,352.1000061035156,117016
2022-04-12,350.0,350.0,331.0,337.3500061035156,337.3500061035156,105418
2022-04-13,337.3500061035156,354.3999938964844,337.3500061035156,346.54998779296875,346.54998779296875,89113
2022-04-18,343.0,344.0,323.0,327.6499938964844,327.6499938964844,123822
2022-04-19,333.0,342.0,317.0,323.79998779296875,323.79998779296875,95463
2022-04-20,321.0,334.0,321.0,328.6499938964844,328.6499938964844,46560
2022-04-21,332.0,336.95001220703125,325.1000061035156,330.3500061035156,330.3500061035156,54000
2022-04-22,325.0,330.8999938964844,321.29998779296875,324.25,324.25,62542
2022-04-25,316.0,328.75,315.20001220703125,320.70001220703125,320.70001220703125,68723
2022-04-26,325.8999938964844,339.45001220703125,321.8500061035156,328.6499938964844,328.6499938964844,67705
2022-04-27,325.0,325.95001220703125,317.6000061035156,321.6499938964844,321.6499938964844,29899
2022-04-28,321.75,326.5,310.5,315.20001220703125,315.20001220703125,46178
2022-04-29,317.8999938964844,321.79998779296875,308.04998779296875,310.54998779296875,310.54998779296875,52441
2022-05-02,305.0,306.79998779296875,298.0,302.6499938964844,302.6499938964844,60699
2022-05-04,304.8999938964844,307.95001220703125,285.0,289.8999938964844,289.8999938964844,68728
2022-05-05,293.0,305.0,287.0,290.45001220703125,290.45001220703125,44208
2022-05-06,285.0,290.0,271.5,285.75,285.75,69482
2022-05-09,285.29998779296875,288.75,276.95001220703125,283.75,283.75,53762
2022-05-10,285.0,289.6499938964844,252.8000030517578,259.3500061035156,259.3500061035156,160076
2022-05-11,266.3999938964844,271.79998779296875,238.25,245.14999389648438,245.14999389648438,195179
2022-05-12,240.0,251.5,233.14999389648438,242.0500030517578,242.0500030517578,110782
2022-05-13,242.75,253.9499969482422,242.75,248.4499969482422,248.4499969482422,75708
2022-05-16,250.0,255.14999389648438,242.0,244.3000030517578,244.3000030517578,66583
2022-05-17,265.0,279.20001220703125,251.35000610351562,269.04998779296875,269.04998779296875,160797
2022-05-18,270.0,273.75,265.0,266.3500061035156,266.3500061035156,81486
2022-05-19,258.70001220703125,266.1000061035156,241.0,247.5,247.5,243366
2022-05-20,252.0,272.0,249.35000610351562,267.04998779296875,267.04998779296875,157888
2022-05-23,260.0,268.20001220703125,253.5500030517578,255.60000610351562,255.60000610351562,118626
2022-05-24,254.6999969482422,257.75,240.75,244.6999969482422,244.6999969482422,229920
2022-05-25,244.6999969482422,247.89999389648438,232.25,236.25,236.25,82088
2022-05-26,242.0,242.0,222.5500030517578,233.0500030517578,233.0500030517578,102442
2022-05-27,233.1999969482422,250.0,233.1999969482422,239.35000610351562,239.35000610351562,87462
2022-05-30,243.1999969482422,254.8000030517578,243.1999969482422,252.0500030517578,252.0500030517578,96918
2022-05-31,255.6999969482422,255.6999969482422,246.35000610351562,252.35000610351562,252.35000610351562,54884
2022-06-01,254.3000030517578,260.20001220703125,252.35000610351562,257.25,257.25,59501
2022-06-02,257.5,261.45001220703125,254.75,258.29998779296875,258.29998779296875,29143
2022-06-03,260.95001220703125,269.0,255.0,257.3500061035156,257.3500061035156,73477
2022-06-06,255.0,259.20001220703125,250.0,254.6999969482422,254.6999969482422,30056
2022-06-07,251.0,255.39999389648438,249.60000610351562,251.10000610351562,251.10000610351562,26180
2022-06-08,252.89999389648438,253.4499969482422,246.85000610351562,248.10000610351562,248.10000610351562,16589
2022-06-09,246.0,249.9499969482422,241.0,244.0500030517578,244.0500030517578,78180
2022-06-10,242.0,242.8000030517578,230.0,237.85000610351562,237.85000610351562,80062
2022-06-13,231.14999389648438,235.85000610351562,226.25,228.10000610351562,228.10000610351562,36369
2022-06-14,228.8000030517578,232.64999389648438,222.9499969482422,224.8000030517578,224.8000030517578,48227
2022-06-15,228.0,269.75,225.0500030517578,269.75,269.75,730703
2022-06-16,288.0,307.8999938964844,281.3999938964844,291.3999938964844,291.3999938964844,3789688
2022-06-17,287.0,290.20001220703125,276.1000061035156,283.95001220703125,283.95001220703125,509393
2022-06-20,281.0,282.75,240.5,246.25,246.25,228499
2022-06-21,250.0,295.5,249.3000030517578,292.45001220703125,292.45001220703125,535842
2022-06-22,297.0,312.8999938964844,287.25,303.6499938964844,303.6499938964844,1495615
2022-06-23,298.04998779296875,310.0,291.04998779296875,294.6000061035156,294.6000061035156,268402
2022-06-24,298.1000061035156,309.0,286.5,293.75,293.75,190933
2022-06-27,298.0,302.70001220703125,293.5,296.04998779296875,296.04998779296875,88402
2022-06-28,294.0,304.04998779296875,292.0,294.54998779296875,294.54998779296875,81232
2022-06-29,292.8999938964844,297.1499938964844,284.29998779296875,286.3999938964844,286.3999938964844,79359
2022-06-30,287.0,294.29998779296875,276.54998779296875,280.79998779296875,280.79998779296875,50946
2022-07-01,283.3500061035156,284.20001220703125,270.5,277.29998779296875,277.29998779296875,72203
2022-07-04,278.6000061035156,291.04998779296875,275.8500061035156,282.8500061035156,282.8500061035156,107440
2022-07-05,284.6000061035156,287.95001220703125,274.79998779296875,277.04998779296875,277.04998779296875,76020
2022-07-06,277.0,287.3999938964844,272.75,278.3999938964844,278.3999938964844,80927
2022-07-07,280.0,287.0,273.3999938964844,278.54998779296875,278.54998779296875,75720
2022-07-08,280.6499938964844,298.45001220703125,279.79998779296875,287.1000061035156,287.1000061035156,202731
2022-07-11,286.6000061035156,294.5,282.95001220703125,289.29998779296875,289.29998779296875,93207
2022-07-12,286.0,296.25,284.79998779296875,287.1499938964844,287.1499938964844,171727
2022-07-13,289.0,289.20001220703125,273.0,275.6499938964844,275.6499938964844,117715
2022-07-14,277.75,280.0,268.5,277.6000061035156,277.6000061035156,70335
2022-07-15,278.0,286.3500061035156,278.0,281.1000061035156,281.1000061035156,72324
2022-07-18,282.0,290.0,278.04998779296875,284.3500061035156,284.3500061035156,129802
2022-07-19,283.8999938964844,289.0,282.6000061035156,284.04998779296875,284.04998779296875,39799
2022-07-20,286.6000061035156,336.20001220703125,286.04998779296875,315.25,315.25,1911177
2022-07-21,313.79998779296875,321.95001220703125,308.1000061035156,310.1000061035156,310.1000061035156,467071
2022-07-22,311.1000061035156,318.79998779296875,306.25,310.3500061035156,310.3500061035156,212092
2022-07-25,311.3999938964844,316.6499938964844,303.5,310.54998779296875,310.54998779296875,260784
2022-07-26,311.8999938964844,314.6499938964844,269.25,276.1499938964844,276.1499938964844,916486
2022-07-27,276.25,283.6000061035156,271.8500061035156,277.5,277.5,212842
2022-07-28,279.0,282.1499938964844,276.04998779296875,278.8999938964844,278.8999938964844,136702
2022-07-29,281.0,282.6000061035156,276.45001220703125,278.1499938964844,278.1499938964844,90937
2022-08-01,279.0,284.45001220703125,276.6000061035156,281.45001220703125,281.45001220703125,108991
2022-08-02,281.45001220703125,286.0,278.5,283.45001220703125,283.45001220703125,84952
2022-08-03,285.0,285.0,276.0,277.95001220703125,277.95001220703125,79757
2022-08-04,276.0,282.0,273.25,276.20001220703125,276.20001220703125,95927
2022-08-05,273.3500061035156,277.3999938964844,273.3500061035156,274.3500061035156,274.3500061035156,75529
2022-08-08,276.8500061035156,279.0,273.1000061035156,275.8500061035156,275.8500061035156,66185
2022-08-10,277.0,278.70001220703125,270.3500061035156,271.54998779296875,271.54998779296875,46376
2022-08-11,275.0,277.6499938964844,271.20001220703125,273.1499938964844,273.1499938964844,54717
2022-08-12,275.6000061035156,275.6000061035156,267.20001220703125,268.6000061035156,268.6000061035156,65249
2022-08-16,270.0,271.25,259.29998779296875,262.3500061035156,262.3500061035156,112929
2022-08-17,264.6000061035156,269.95001220703125,261.5,266.6000061035156,266.6000061035156,102753
2022-08-18,268.8999938964844,284.5,266.6000061035156,279.1499938964844,279.1499938964844,253904
2022-08-19,279.1499938964844,284.0,276.0,278.6499938964844,278.6499938964844,90729
2022-08-22,275.0,279.79998779296875,267.54998779296875,269.3999938964844,269.3999938964844,53302
2022-08-23,265.04998779296875,279.0,265.04998779296875,271.70001220703125,271.70001220703125,166363
2022-08-24,270.5,284.0,270.5,280.1499938964844,280.1499938964844,102057
2022-08-25,282.5,289.0,278.0,281.8500061035156,281.8500061035156,132223
2022-08-26,283.70001220703125,287.5,282.0,284.95001220703125,284.95001220703125,97790
2022-08-29,277.95001220703125,298.0,273.3500061035156,288.8500061035156,288.8500061035156,231706
2022-08-30,292.04998779296875,295.5,290.79998779296875,292.3999938964844,292.3999938964844,86051
2022-09-01,291.3999938964844,299.8999938964844,286.6000061035156,292.6499938964844,292.6499938964844,64643
2022-09-02,300.0,313.20001220703125,292.29998779296875,294.25,294.25,503886
2022-09-05,297.25,305.20001220703125,294.20001220703125,296.1000061035156,296.1000061035156,146092
2022-09-06,298.0,301.6000061035156,291.75,293.70001220703125,293.70001220703125,96912
2022-09-07,292.6499938964844,300.5,291.20001220703125,297.25,297.25,113993
2022-09-08,299.70001220703125,305.0,297.6499938964844,298.8500061035156,298.8500061035156,130580
2022-09-09,301.70001220703125,301.70001220703125,291.95001220703125,294.3999938964844,294.3999938964844,75011
2022-09-12,296.29998779296875,304.75,295.79998779296875,297.20001220703125,297.20001220703125,151006
2022-09-13,298.0,307.6499938964844,298.0,299.75,299.75,159347
2022-09-14,292.0,298.70001220703125,289.29998779296875,290.6499938964844,290.6499938964844,122229
2022-09-15,292.3999938964844,293.8500061035156,281.1000061035156,282.20001220703125,282.20001220703125,147273
2022-09-16,282.1499938964844,283.75,271.5,274.0,274.0,84251
2022-09-19,274.95001220703125,279.1499938964844,271.70001220703125,275.6499938964844,275.6499938964844,77117
2022-09-20,276.29998779296875,283.5,276.29998779296875,279.1499938964844,279.1499938964844,51064
2022-09-21,279.1499938964844,283.54998779296875,271.6499938964844,273.29998779296875,273.29998779296875,68052
2022-09-22,270.5,287.0,270.5,282.3500061035156,282.3500061035156,121220
2022-09-23,283.0,283.5,269.25,271.75,271.75,88725
2022-09-26,271.8999938964844,271.8999938964844,260.0,261.1499938964844,261.1499938964844,73690
2022-09-27,264.0,279.0,258.5,263.54998779296875,263.54998779296875,60534
2022-09-28,260.20001220703125,264.5,258.0,259.6499938964844,259.6499938964844,34332
2022-09-29,261.54998779296875,266.6000061035156,260.0,260.54998779296875,260.54998779296875,27508
2022-09-30,263.0,264.0,257.0,263.0,263.0,30935
2022-10-03,260.6000061035156,264.79998779296875,254.1999969482422,256.75,256.75,58938
2022-10-04,264.0,268.0,259.70001220703125,261.95001220703125,261.95001220703125,59022
2022-10-06,264.95001220703125,272.1000061035156,262.79998779296875,263.8500061035156,263.8500061035156,91370
2022-10-07,265.0,270.79998779296875,261.04998779296875,267.54998779296875,267.54998779296875,75271
2022-10-10,262.5,270.0,261.0,267.3500061035156,267.3500061035156,42603
2022-10-11,268.70001220703125,270.1499938964844,261.04998779296875,262.0,262.0,28298
2022-10-12,263.70001220703125,265.0,255.85000610351562,260.6499938964844,260.6499938964844,35440
2022-10-13,260.29998779296875,263.54998779296875,255.8000030517578,257.79998779296875,257.79998779296875,26513
2022-10-14,260.5,270.0,256.75,258.1499938964844,258.1499938964844,63816
2022-10-17,257.5,262.0,253.8000030517578,255.39999389648438,255.39999389648438,43322
2022-10-18,256.95001220703125,258.8999938964844,254.1999969482422,256.45001220703125,256.45001220703125,47708
2022-10-19,256.45001220703125,261.8999938964844,255.0,255.9499969482422,255.9499969482422,30467
2022-10-20,254.0,260.79998779296875,253.8000030517578,256.5,256.5,82954
2022-10-21,257.0,262.25,252.60000610351562,253.5,253.5,53322
2022-10-24,256.8500061035156,258.3500061035156,255.0500030517578,256.8500061035156,256.8500061035156,10951
2022-10-25,256.79998779296875,264.29998779296875,255.5500030517578,260.29998779296875,260.29998779296875,27091
2022-10-27,260.79998779296875,261.95001220703125,253.1999969482422,254.0500030517578,254.0500030517578,34690
2022-10-28,254.1999969482422,255.0500030517578,250.0,251.8000030517578,251.8000030517578,39806
2022-10-31,251.8000030517578,253.89999389648438,244.0,245.5,245.5,79441
2022-11-01,245.60000610351562,254.8000030517578,245.60000610351562,253.5500030517578,253.5500030517578,49334
2022-11-02,253.5500030517578,255.0,249.75,250.89999389648438,250.89999389648438,32630
2022-11-03,250.0,253.89999389648438,242.5500030517578,243.89999389648438,243.89999389648438,65490
2022-11-04,245.0,253.25,245.0,249.5,249.5,39604
2022-11-07,250.10000610351562,255.0,235.0,251.89999389648438,251.89999389648438,250587
2022-11-09,251.0,251.0,240.0,241.39999389648438,241.39999389648438,108307
2022-11-10,244.8000030517578,244.8000030517578,236.10000610351562,236.75,236.75,34015
2022-11-11,239.4499969482422,246.35000610351562,237.0500030517578,239.8000030517578,239.8000030517578,78562
2022-11-14,239.85000610351562,241.0,236.0,237.0,237.0,34636
2022-11-15,237.0,238.35000610351562,234.75,235.75,235.75,32028
2022-11-16,234.0,240.25,234.0,236.75,236.75,30321
2022-11-17,237.1999969482422,239.4499969482422,231.6999969482422,233.39999389648438,233.39999389648438,31510
2022-11-18,233.39999389648438,235.85000610351562,227.14999389648438,228.64999389648438,228.64999389648438,42115
2022-11-21,228.60000610351562,231.1999969482422,225.39999389648438,227.10000610351562,227.10000610351562,26829
2022-11-22,227.10000610351562,228.4499969482422,225.9499969482422,226.85000610351562,226.85000610351562,19969
2022-11-23,228.85000610351562,245.0,227.39999389648438,240.0,240.0,127445
2022-11-24,240.0,245.9499969482422,237.85000610351562,238.64999389648438,238.64999389648438,55490
2022-11-25,237.60000610351562,243.0,237.60000610351562,239.75,239.75,36863
2022-11-28,240.0,283.45001220703125,240.0,278.6499938964844,278.6499938964844,1191357
2022-11-29,276.79998779296875,279.79998779296875,262.79998779296875,266.75,266.75,203332
2022-11-30,267.5,268.3500061035156,258.1000061035156,262.29998779296875,262.29998779296875,112358
2022-12-01,264.0,286.8999938964844,264.0,277.20001220703125,277.20001220703125,578919
2022-12-02,278.45001220703125,282.0,270.8999938964844,272.75,272.75,112249
2022-12-05,273.70001220703125,275.75,267.3500061035156,271.04998779296875,271.04998779296875,35624
2022-12-06,271.8500061035156,274.8999938964844,263.1000061035156,266.6000061035156,266.6000061035156,46127
2022-12-07,266.54998779296875,269.0,258.0,260.8500061035156,260.8500061035156,40055
2022-12-08,261.8999938964844,276.8999938964844,261.04998779296875,265.3999938964844,265.3999938964844,91308
2022-12-09,266.0,270.79998779296875,261.0,262.70001220703125,262.70001220703125,42210
2022-12-12,263.45001220703125,268.20001220703125,260.29998779296875,265.54998779296875,265.54998779296875,28924
2022-12-13,267.54998779296875,269.5,262.04998779296875,263.20001220703125,263.20001220703125,29504
2022-12-14,263.20001220703125,278.0,263.20001220703125,273.3500061035156,273.3500061035156,125764
2022-12-15,273.20001220703125,278.0,264.29998779296875,266.29998779296875,266.29998779296875,73804
2022-12-16,262.3500061035156,267.1499938964844,260.25,261.3500061035156,261.3500061035156,40577
2022-12-19,262.6000061035156,263.75,252.0500030517578,253.5500030517578,253.5500030517578,59482
2022-12-20,259.0,274.0,253.6999969482422,270.1000061035156,270.1000061035156,368652
2022-12-21,271.79998779296875,272.3999938964844,260.04998779296875,261.6000061035156,261.6000061035156,112611
2022-12-22,265.0,265.0,249.1999969482422,261.3500061035156,261.3500061035156,234660
2022-12-23,253.0,259.3999938964844,248.0,249.0500030517578,249.0500030517578,104476
2022-12-26,251.8000030517578,255.0,246.39999389648438,250.4499969482422,250.4499969482422,44217
2022-12-27,254.0,257.25,252.39999389648438,255.1999969482422,255.1999969482422,34234
2022-12-28,256.70001220703125,257.75,252.35000610351562,253.5,253.5,27317
2022-12-29,251.10000610351562,259.54998779296875,251.10000610351562,255.85000610351562,255.85000610351562,59776
2022-12-30,258.29998779296875,260.45001220703125,251.10000610351562,253.6999969482422,253.6999969482422,43352
2023-01-02,255.25,258.0,250.0500030517578,254.39999389648438,254.39999389648438,51681
2023-01-03,253.25,258.0,252.0500030517578,252.64999389648438,252.64999389648438,32043
2023-01-04,253.60000610351562,255.0,250.0,251.85000610351562,251.85000610351562,47427
2023-01-05,252.10000610351562,254.14999389648438,245.75,248.60000610351562,248.60000610351562,44212
2023-01-06,246.10000610351562,248.3000030517578,241.75,243.1999969482422,243.1999969482422,37514
2023-01-09,248.0,248.1999969482422,242.25,244.35000610351562,244.35000610351562,43748
2023-01-10,246.8000030517578,247.9499969482422,242.25,243.75,243.75,24822
2023-01-11,243.89999389648438,247.85000610351562,242.9499969482422,244.0500030517578,244.0500030517578,22039
2023-01-12,244.0500030517578,247.64999389648438,242.6999969482422,245.0500030517578,245.0500030517578,28113
2023-01-13,245.0500030517578,264.79998779296875,243.3000030517578,248.35000610351562,248.35000610351562,424900
2023-01-16,249.35000610351562,249.5500030517578,245.3000030517578,245.6999969482422,245.6999969482422,40089
2023-01-17,246.39999389648438,246.39999389648438,242.4499969482422,243.0,243.0,36419
2023-01-18,243.9499969482422,245.8000030517578,241.10000610351562,243.14999389648438,243.14999389648438,24354
2023-01-19,241.89999389648438,244.1999969482422,240.0,240.75,240.75,35968
2023-01-20,240.75,241.85000610351562,235.75,236.4499969482422,236.4499969482422,42739
2023-01-23,239.39999389648438,243.0500030517578,235.8000030517578,239.3000030517578,239.3000030517578,44595
2023-01-24,240.89999389648438,246.9499969482422,240.39999389648438,242.60000610351562,242.60000610351562,70171
2023-01-25,241.0,244.39999389648438,238.89999389648438,241.5500030517578,241.5500030517578,28145
2023-01-27,243.0,244.0500030517578,235.0500030517578,236.39999389648438,236.39999389648438,35729
2023-01-30,236.0,241.9499969482422,234.5,236.1999969482422,236.1999969482422,32527
2023-01-31,236.1999969482422,241.0,235.0,239.10000610351562,239.10000610351562,45229
2023-02-01,242.0,248.6999969482422,232.39999389648438,234.5,234.5,134378
2023-02-02,234.3000030517578,248.8000030517578,233.85000610351562,238.60000610351562,238.60000610351562,142295
2023-02-03,242.6999969482422,243.0,232.5500030517578,236.10000610351562,236.10000610351562,59028
2023-02-06,237.0,241.35000610351562,232.75,234.64999389648438,234.64999389648438,46130
2023-02-07,234.64999389648438,238.89999389648438,232.0500030517578,234.39999389648438,234.39999389648438,62557
2023-02-08,236.0,237.0500030517578,230.0,234.0500030517578,234.0500030517578,70793
2023-02-09,234.3000030517578,244.4499969482422,234.0500030517578,239.0500030517578,239.0500030517578,82070
2023-02-10,238.10000610351562,243.0,235.5500030517578,236.60000610351562,236.60000610351562,43018
2023-02-13,236.60000610351562,237.85000610351562,231.35000610351562,232.9499969482422,232.9499969482422,24135
2023-02-14,233.10000610351562,236.25,226.0,227.25,227.25,57189
2023-02-15,227.9499969482422,227.9499969482422,207.5,208.85000610351562,208.85000610351562,318079
2023-02-16,214.5,224.60000610351562,214.0,217.60000610351562,217.60000610351562,430157
2023-02-17,220.8000030517578,222.85000610351562,215.10000610351562,216.5,216.5,74946
2023-02-20,217.5,218.0500030517578,213.39999389648438,215.25,215.25,43781
2023-02-21,216.3000030517578,233.3000030517578,215.0,225.64999389648438,225.64999389648438,226678
2023-02-22,224.89999389648438,227.9499969482422,221.10000610351562,223.14999389648438,223.14999389648438,101632
2023-02-23,223.8000030517578,227.3000030517578,222.0,223.75,223.75,47238
2023-02-24,223.0500030517578,225.5,217.3000030517578,220.60000610351562,220.60000610351562,50872
2023-02-27,218.39999389648438,220.5500030517578,213.14999389648438,214.1999969482422,214.1999969482422,35231
2023-02-28,213.5,217.6999969482422,212.0500030517578,213.8000030517578,213.8000030517578,39058
2023-03-01,214.0,222.0,214.0,220.85000610351562,220.85000610351562,141137
2023-03-02,221.3000030517578,241.89999389648438,216.85000610351562,235.89999389648438,235.89999389648438,501036
2023-03-03,237.6999969482422,245.39999389648438,236.39999389648438,239.75,239.75,282700
2023-03-06,241.6999969482422,244.5500030517578,238.0,238.85000610351562,238.85000610351562,86303
2023-03-08,238.5,239.4499969482422,233.3000030517578,237.0500030517578,237.0500030517578,57456
2023-03-09,239.39999389648438,244.9499969482422,235.5,239.39999389648438,239.39999389648438,155482
2023-03-10,237.10000610351562,239.5500030517578,233.0500030517578,233.4499969482422,233.4499969482422,51989
2023-03-13,233.0500030517578,233.4499969482422,220.75,222.5,222.5,79769
2023-03-14,222.5,224.0,217.14999389648438,219.5500030517578,219.5500030517578,60188
2023-03-15,222.85000610351562,223.75,214.0,215.89999389648438,215.89999389648438,55753
2023-03-16,214.89999389648438,218.0,212.1999969482422,214.85000610351562,214.85000610351562,54158
2023-03-17,216.1999969482422,220.0,213.25,215.1999969482422,215.1999969482422,56838
2023-03-20,215.4499969482422,215.4499969482422,209.10000610351562,210.89999389648438,210.89999389648438,60136
2023-03-21,212.1999969482422,213.64999389648438,207.60000610351562,208.10000610351562,208.10000610351562,65099
2023-03-22,208.64999389648438,212.39999389648438,208.64999389648438,210.39999389648438,210.39999389648438,48178
2023-03-23,209.89999389648438,211.9499969482422,208.6999969482422,210.60000610351562,210.60000610351562,47092
2023-03-24,214.9499969482422,218.25,205.35000610351562,207.5500030517578,207.5500030517578,241179
2023-03-27,208.8000030517578,208.8000030517578,202.0,203.25,203.25,47343
2023-03-28,203.1999969482422,204.9499969482422,195.3000030517578,196.35000610351562,196.35000610351562,52964
2023-03-29,196.0,202.10000610351562,190.10000610351562,193.85000610351562,193.85000610351562,123464
2023-03-31,195.89999389648438,200.89999389648438,188.60000610351562,191.0500030517578,191.0500030517578,125633
2023-04-03,191.0,199.89999389648438,190.8000030517578,196.89999389648438,196.89999389648438,105313
2023-04-05,198.0,205.89999389648438,198.0,203.25,203.25,71637
2023-04-06,203.0,216.60000610351562,201.39999389648438,214.6999969482422,214.6999969482422,122518
2023-04-10,212.10000610351562,229.0,212.10000610351562,225.0500030517578,225.0500030517578,172471
2023-04-11,225.0500030517578,228.14999389648438,219.1999969482422,221.39999389648438,221.39999389648438,129018
2023-04-12,220.0,227.0,218.10000610351562,223.4499969482422,223.4499969482422,80517
2023-04-13,224.9499969482422,224.9499969482422,216.60000610351562,219.1999969482422,219.1999969482422,39376
2023-04-17,215.89999389648438,218.85000610351562,215.4499969482422,217.5500030517578,217.5500030517578,36051
2023-04-18,213.25,228.0,213.0,218.14999389648438,218.14999389648438,203887
2023-04-19,220.6999969482422,221.6999969482422,215.0500030517578,216.4499969482422,216.4499969482422,47471
2023-04-20,215.10000610351562,226.5,215.10000610351562,221.6999969482422,221.6999969482422,66433
2023-04-21,223.25,223.25,215.3000030517578,220.14999389648438,220.14999389648438,44035
2023-04-24,216.85000610351562,226.0,216.35000610351562,224.25,224.25,55624
2023-04-25,222.0500030517578,226.9499969482422,219.14999389648438,220.5500030517578,220.5500030517578,63002
2023-04-26,217.25,231.4499969482422,217.25,222.6999969482422,222.6999969482422,97586
2023-04-27,224.85000610351562,229.0,220.25,222.1999969482422,222.1999969482422,76233
2023-04-28,224.35000610351562,229.9499969482422,222.0,225.5,225.5,102610
2023-05-02,226.14999389648438,232.0500030517578,226.14999389648438,228.3000030517578,228.3000030517578,55149
2023-05-03,228.3000030517578,234.89999389648438,225.0,226.25,226.25,77441
2023-05-04,226.0,232.0,225.6999969482422,228.6999969482422,228.6999969482422,55707
2023-05-05,227.0,230.8000030517578,223.0500030517578,225.5500030517578,225.5500030517578,29894
2023-05-08,225.10000610351562,229.8000030517578,222.75,226.0500030517578,226.0500030517578,72429
2023-05-09,226.0500030517578,232.0,224.0,225.75,225.75,89540
2023-05-10,227.0,229.5,224.1999969482422,225.1999969482422,225.1999969482422,44866
2023-05-11,224.0,229.9499969482422,224.0,227.25,227.25,91973
2023-05-12,227.25,236.4499969482422,224.9499969482422,234.10000610351562,234.10000610351562,97449
2023-05-15,234.10000610351562,243.5,229.35000610351562,231.9499969482422,231.9499969482422,276805
2023-05-16,234.0,234.5,222.6999969482422,226.0500030517578,226.0500030517578,88921
2023-05-17,227.0,231.60000610351562,209.3000030517578,217.4499969482422,217.4499969482422,357472
2023-05-18,217.0500030517578,234.1999969482422,216.9499969482422,219.5500030517578,219.5500030517578,391830
2023-05-19,219.0,231.25,219.0,229.5,229.5,193343
2023-05-22,226.0,229.0500030517578,223.0,223.8000030517578,223.8000030517578,90837
2023-05-23,224.64999389648438,234.0,223.14999389648438,225.64999389648438,225.64999389648438,131852
2023-05-24,225.6999969482422,229.0500030517578,224.10000610351562,227.0,227.0,37827
2023-05-25,226.25,227.5500030517578,218.0,219.10000610351562,219.10000610351562,79598
2023-05-26,220.85000610351562,222.25,218.0,219.8000030517578,219.8000030517578,83883
2023-05-29,221.5500030517578,226.75,220.9499969482422,222.39999389648438,222.39999389648438,73885
2023-05-30,220.39999389648438,223.4499969482422,220.0,220.6999969482422,220.6999969482422,30705
2023-05-31,220.6999969482422,221.39999389648438,216.0,217.25,217.25,56409
2023-06-01,218.5,224.25,218.3000030517578,221.60000610351562,221.60000610351562,73097
2023-06-02,222.0,228.0,220.6999969482422,223.0,223.0,107716
2023-06-05,227.5,235.0,223.8000030517578,225.6999969482422,225.6999969482422,225169
2023-06-06,226.10000610351562,231.0,224.85000610351562,228.3000030517578,228.3000030517578,67114
2023-06-07,229.0,230.6999969482422,226.9499969482422,227.89999389648438,227.89999389648438,49428
2023-06-08,229.3000030517578,229.39999389648438,225.8000030517578,226.60000610351562,226.60000610351562,37120
2023-06-09,226.6999969482422,238.60000610351562,224.9499969482422,235.85000610351562,235.85000610351562,186498
2023-06-12,238.0,268.0,234.0,261.75,261.75,860551
2023-06-13,265.0,272.3999938964844,260.0,261.3999938964844,261.3999938964844,741149
2023-06-14,262.0,262.8999938964844,253.75,256.0,256.0,160659
2023-06-15,256.5,263.0,256.20001220703125,258.95001220703125,258.95001220703125,160049
2023-06-16,259.0,262.04998779296875,250.39999389648438,254.25,254.25,71393
2023-06-19,254.0,258.95001220703125,252.75,257.29998779296875,257.29998779296875,129999
2023-06-20,255.0,266.29998779296875,255.0,263.3999938964844,263.3999938964844,183228
2023-06-21,264.5,269.3999938964844,258.20001220703125,260.20001220703125,260.20001220703125,111500
2023-06-22,261.70001220703125,265.8500061035156,252.0,255.0500030517578,255.0500030517578,116527
2023-06-23,253.10000610351562,256.95001220703125,246.0,248.0500030517578,248.0500030517578,117347
2023-06-26,245.6999969482422,251.60000610351562,245.0,246.4499969482422,246.4499969482422,48512
2023-06-27,247.5,258.8999938964844,247.4499969482422,256.5,256.5,175635
2023-06-28,259.04998779296875,259.04998779296875,252.0,253.0500030517578,253.0500030517578,51904
2023-06-30,253.35000610351562,263.45001220703125,253.0500030517578,255.25,255.25,139881
2023-07-03,255.14999389648438,270.0,252.5500030517578,261.70001220703125,261.70001220703125,279417
2023-07-04,262.1000061035156,270.0,259.8500061035156,263.6000061035156,263.6000061035156,214209
2023-07-05,264.95001220703125,266.0,257.3999938964844,258.8999938964844,258.8999938964844,105955
2023-07-06,259.8999938964844,265.1499938964844,255.10000610351562,256.0,256.0,105647
2023-07-07,254.0,257.95001220703125,250.1999969482422,250.85000610351562,250.85000610351562,111390
2023-07-10,252.0,256.0,250.39999389648438,253.60000610351562,253.60000610351562,61805
2023-07-11,255.0,257.54998779296875,250.10000610351562,251.6999969482422,251.6999969482422,48078
2023-07-12,252.9499969482422,255.5,248.10000610351562,249.4499969482422,249.4499969482422,56656
2023-07-13,251.0,263.0,248.0,250.0500030517578,250.0500030517578,134194
2023-07-14,251.0,259.29998779296875,251.0,258.0,258.0,141550
2023-07-17,259.70001220703125,284.70001220703125,259.3999938964844,272.20001220703125,272.20001220703125,880479
2023-07-18,272.95001220703125,275.0,260.0,261.6000061035156,261.6000061035156,248044
2023-07-19,262.8999938964844,277.45001220703125,261.1000061035156,273.75,273.75,311717
2023-07-20,274.0,275.0,265.3500061035156,266.79998779296875,266.79998779296875,130099
2023-07-21,264.04998779296875,265.3999938964844,259.95001220703125,261.29998779296875,261.29998779296875,103027
2023-07-24,262.0,272.0,258.1000061035156,265.1000061035156,265.1000061035156,227563
2023-07-25,266.20001220703125,271.8999938964844,253.0500030517578,254.60000610351562,254.60000610351562,192607
2023-07-26,256.5,258.95001220703125,253.0,255.35000610351562,255.35000610351562,94768
2023-07-27,255.10000610351562,260.0,254.6999969482422,257.04998779296875,257.04998779296875,69177
2023-07-28,258.25,262.95001220703125,256.04998779296875,259.6000061035156,259.6000061035156,89345
2023-07-31,260.8999938964844,280.0,259.6499938964844,274.6499938964844,274.6499938964844,330469
2023-08-01,274.0,277.25,273.1000061035156,275.3500061035156,275.3500061035156,125971
2023-08-02,276.0,285.95001220703125,272.04998779296875,280.1000061035156,280.1000061035156,286517
2023-08-03,281.0,305.0,280.79998779296875,294.5,294.5,1219080
2023-08-04,294.5,305.70001220703125,289.04998779296875,298.1499938964844,298.1499938964844,529923
2023-08-07,300.0,307.95001220703125,292.04998779296875,294.0,294.0,312284
2023-08-08,282.5,289.0,274.0,279.1499938964844,279.1499938964844,416418
2023-08-09,279.1499938964844,296.6000061035156,276.5,290.79998779296875,290.79998779296875,418697
2023-08-10,292.0,293.79998779296875,283.25,284.29998779296875,284.29998779296875,125206
2023-08-11,285.79998779296875,286.20001220703125,272.6000061035156,274.95001220703125,274.95001220703125,275454
2023-08-14,273.8500061035156,279.04998779296875,264.29998779296875,265.70001220703125,265.70001220703125,322292
2023-08-16,265.70001220703125,280.0,265.1000061035156,277.6499938964844,277.6499938964844,241877
2023-08-17,278.1499938964844,284.3500061035156,275.04998779296875,282.75,282.75,118985
2023-08-18,280.25,294.70001220703125,280.25,288.04998779296875,288.04998779296875,194749
2023-08-21,288.04998779296875,289.45001220703125,282.0,285.8500061035156,285.8500061035156,79430
2023-08-22,284.1000061035156,293.1000061035156,284.1000061035156,290.5,290.5,152775
2023-08-23,291.1000061035156,297.0,291.1000061035156,294.54998779296875,294.54998779296875,185076
2023-08-24,296.54998779296875,296.6499938964844,284.3500061035156,286.1499938964844,286.1499938964844,95697
2023-08-25,285.3999938964844,289.54998779296875,276.79998779296875,284.70001220703125,284.70001220703125,81310
2023-08-28,284.0,287.8500061035156,277.5,279.1000061035156,279.1000061035156,56895
2023-08-29,280.25,288.0,280.25,283.3500061035156,283.3500061035156,69012
2023-08-30,283.5,288.79998779296875,281.29998779296875,282.6499938964844,282.6499938964844,51801
2023-08-31,282.95001220703125,286.3999938964844,277.8999938964844,281.8999938964844,281.8999938964844,56371
2023-09-01,283.70001220703125,287.8999938964844,281.20001220703125,285.1499938964844,285.1499938964844,72705
2023-09-04,285.0,294.25,277.75,279.6000061035156,279.6000061035156,205981
2023-09-05,271.95001220703125,283.0,271.6499938964844,276.70001220703125,276.70001220703125,200118
2023-09-06,276.8999938964844,284.1000061035156,276.8999938964844,279.75,279.75,78795
2023-09-07,281.8999938964844,288.0,279.04998779296875,281.25,281.25,103638
2023-09-08,282.54998779296875,283.45001220703125,277.6499938964844,280.1499938964844,280.1499938964844,72962
2023-09-11,281.6000061035156,287.8999938964844,281.04998779296875,284.04998779296875,284.04998779296875,99540
2023-09-12,285.0,287.25,270.0,272.0,272.0,142881
2023-09-13,272.0,277.3999938964844,268.79998779296875,276.04998779296875,276.04998779296875,62884
2023-09-14,277.70001220703125,281.25,275.8999938964844,277.29998779296875,277.29998779296875,42812
2023-09-15,279.5,283.70001220703125,272.6499938964844,274.20001220703125,274.20001220703125,96970
2023-09-18,277.5,324.6499938964844,276.5,313.3999938964844,313.3999938964844,2657436
2023-09-20,307.8500061035156,317.79998779296875,304.5,310.8500061035156,310.8500061035156,648622
2023-09-21,310.8500061035156,325.0,309.54998779296875,316.5,316.5,574016
2023-09-22,313.1499938964844,333.0,313.1499938964844,317.8500061035156,317.8500061035156,894384
2023-09-25,317.79998779296875,329.25,315.04998779296875,317.54998779296875,317.54998779296875,277711
2023-09-26,317.6000061035156,320.70001220703125,306.29998779296875,308.70001220703125,308.70001220703125,164470
2023-09-27,309.8500061035156,328.45001220703125,308.6000061035156,323.79998779296875,323.79998779296875,405506
2023-09-28,325.6000061035156,334.79998779296875,324.29998779296875,330.20001220703125,330.20001220703125,448451
2023-09-29,329.79998779296875,335.8999938964844,328.20001220703125,330.5,330.5,191821
2023-10-03,327.20001220703125,327.8999938964844,314.1000061035156,316.04998779296875,316.04998779296875,134062
2023-10-04,316.04998779296875,316.8999938964844,300.0,309.79998779296875,309.79998779296875,201847
2023-10-05,315.8999938964844,315.8999938964844,306.0,307.8500061035156,307.8500061035156,87940
2023-10-06,309.0,318.0,308.1499938964844,309.6499938964844,309.6499938964844,154571
2023-10-09,301.70001220703125,306.3500061035156,300.0,302.5,302.5,74996
2023-10-10,304.75,309.6000061035156,303.0,308.1000061035156,308.1000061035156,55034
2023-10-11,308.8500061035156,314.1499938964844,305.45001220703125,307.25,307.25,66573
2023-10-12,308.95001220703125,311.8500061035156,302.0,305.3500061035156,305.3500061035156,74147
2023-10-13,302.95001220703125,306.20001220703125,296.3999938964844,296.8500061035156,296.8500061035156,95435
2023-10-16,298.0,308.1499938964844,292.20001220703125,298.1499938964844,298.1499938964844,89142
2023-10-17,299.6499938964844,303.45001220703125,297.29998779296875,299.1000061035156,299.1000061035156,62114
2023-10-18,299.25,306.20001220703125,293.20001220703125,293.75,293.75,63519
2023-10-19,292.75,303.70001220703125,288.8500061035156,296.6000061035156,296.6000061035156,88412
2023-10-20,298.0,299.29998779296875,290.04998779296875,291.1000061035156,291.1000061035156,51102
2023-10-23,292.6000061035156,294.79998779296875,262.25,266.75,266.75,127911
2023-10-25,267.45001220703125,274.95001220703125,259.04998779296875,264.1000061035156,264.1000061035156,71461
2023-10-26,260.5,263.04998779296875,248.39999389648438,257.0,257.0,99839
2023-10-27,258.75,271.3500061035156,258.0,264.8500061035156,264.8500061035156,66021
2023-10-30,266.3500061035156,282.04998779296875,261.29998779296875,276.79998779296875,276.79998779296875,174017
2023-10-31,274.0,274.0,254.60000610351562,257.29998779296875,257.29998779296875,396398
2023-11-01,260.0,262.6499938964844,256.29998779296875,260.0,260.0,90633
2023-11-02,263.95001220703125,265.95001220703125,258.20001220703125,259.75,259.75,50764
2023-11-03,258.04998779296875,263.70001220703125,258.04998779296875,261.6499938964844,261.6499938964844,61395
2023-11-06,264.5,264.5,260.20001220703125,261.75,261.75,58425
2023-11-07,262.95001220703125,268.5,261.8500061035156,265.29998779296875,265.29998779296875,67457
2023-11-08,265.8999938964844,269.79998779296875,263.54998779296875,267.5,267.5,116454
2023-11-09,267.5,269.20001220703125,264.0,264.8999938964844,264.8999938964844,25632
2023-11-10,264.79998779296875,267.79998779296875,260.5,265.75,265.75,47694
2023-11-13,265.04998779296875,270.0,264.0,264.3999938964844,264.3999938964844,24961
2023-11-15,267.95001220703125,270.5,265.1000061035156,266.45001220703125,266.45001220703125,43592
2023-11-16,266.95001220703125,281.8999938964844,262.45001220703125,278.3999938964844,278.3999938964844,216184
2023-11-17,278.3999938964844,279.70001220703125,274.0,276.95001220703125,276.95001220703125,43451
2023-11-20,277.1000061035156,284.0,276.0,277.1499938964844,277.1499938964844,91590
2023-11-21,278.5,280.0,273.1499938964844,276.04998779296875,276.04998779296875,34105
2023-11-22,276.0,278.95001220703125,269.5,273.95001220703125,273.95001220703125,78861
2023-11-23,275.6000061035156,277.3500061035156,268.29998779296875,270.8500061035156,270.8500061035156,41354
2023-11-24,269.20001220703125,282.95001220703125,269.20001220703125,280.45001220703125,280.45001220703125,89167
2023-11-28,279.95001220703125,280.45001220703125,273.54998779296875,276.1499938964844,276.1499938964844,36139
2023-11-29,278.6499938964844,293.1499938964844,276.1499938964844,281.6499938964844,281.6499938964844,285204
2023-11-30,283.79998779296875,289.0,280.79998779296875,282.95001220703125,282.95001220703125,132091
2023-12-01,284.95001220703125,292.45001220703125,278.0,279.70001220703125,279.70001220703125,70256
2023-12-04,280.3999938964844,289.0,278.8999938964844,280.29998779296875,280.29998779296875,46611
2023-12-05,281.3999938964844,284.29998779296875,276.1000061035156,279.45001220703125,279.45001220703125,45812
2023-12-06,283.6499938964844,283.70001220703125,276.8500061035156,277.45001220703125,277.45001220703125,39273
2023-12-07,278.8999938964844,291.0,278.1000061035156,283.95001220703125,283.95001220703125,141091
2023-12-08,287.95001220703125,287.95001220703125,275.8999938964844,281.20001220703125,281.20001220703125,81176
2023-12-11,282.6000061035156,284.95001220703125,280.5,281.8999938964844,281.8999938964844,49961
2023-12-12,282.0,287.20001220703125,281.0,282.29998779296875,282.29998779296875,84758
2023-12-13,282.5,287.04998779296875,281.25,283.3500061035156,283.3500061035156,65808
2023-12-14,284.0,294.5,284.0,285.8999938964844,285.8999938964844,152294
2023-12-15,288.95001220703125,296.0,286.3999938964844,291.04998779296875,291.04998779296875,207548
2023-12-18,292.04998779296875,302.04998779296875,290.0,296.3500061035156,296.3500061035156,165773
2023-12-19,295.0,301.79998779296875,291.79998779296875,294.45001220703125,294.45001220703125,91787
2023-12-20,296.29998779296875,298.8500061035156,268.0,285.29998779296875,285.29998779296875,162018
2023-12-21,280.20001220703125,306.29998779296875,280.20001220703125,302.20001220703125,302.20001220703125,324953
2023-12-22,301.95001220703125,309.0,297.20001220703125,301.29998779296875,301.29998779296875,113938
2023-12-26,301.6000061035156,305.6499938964844,296.04998779296875,298.75,298.75,85917
2023-12-27,300.45001220703125,305.0,295.20001220703125,298.1000061035156,298.1000061035156,69031
2023-12-28,300.0,300.5,291.04998779296875,291.6000061035156,291.6000061035156,48853
2023-12-29,291.6000061035156,296.70001220703125,288.04998779296875,291.29998779296875,291.29998779296875,37188
2024-01-01,292.20001220703125,303.54998779296875,292.20001220703125,295.25,295.25,88238
2024-01-02,295.25,301.3999938964844,290.04998779296875,292.04998779296875,292.04998779296875,71871
2024-01-03,292.04998779296875,292.95001220703125,287.04998779296875,289.6499938964844,289.6499938964844,52874
2024-01-04,290.5,314.95001220703125,289.3999938964844,306.1000061035156,306.1000061035156,311502
2024-01-05,306.1499938964844,314.0,303.1000061035156,309.95001220703125,309.95001220703125,213544
2024-01-08,312.25,323.70001220703125,308.04998779296875,318.1499938964844,318.1499938964844,296391
2024-01-09,320.45001220703125,327.3999938964844,312.04998779296875,317.3999938964844,317.3999938964844,185273
2024-01-10,318.0,324.95001220703125,314.04998779296875,315.8999938964844,315.8999938964844,135983
2024-01-11,317.54998779296875,345.6499938964844,315.0,334.0,334.0,731307
2024-01-12,340.0,346.70001220703125,322.25,328.70001220703125,328.70001220703125,479428
2024-01-15,331.04998779296875,333.95001220703125,316.04998779296875,318.29998779296875,318.29998779296875,155561
2024-01-16,319.8999938964844,322.95001220703125,302.6000061035156,307.1499938964844,307.1499938964844,140949
2024-01-17,303.54998779296875,322.79998779296875,301.1499938964844,310.79998779296875,310.79998779296875,171187
2024-01-18,305.1499938964844,316.3500061035156,303.0,312.6499938964844,312.6499938964844,95990
2024-01-19,314.0,328.70001220703125,312.5,323.3500061035156,323.3500061035156,215288
2024-01-23,319.04998779296875,323.29998779296875,303.0,304.8999938964844,304.8999938964844,130874
2024-01-24,305.8999938964844,313.5,304.95001220703125,312.5,312.5,74940
2024-01-25,307.0,313.95001220703125,303.8500061035156,307.1000061035156,307.1000061035156,50503
2024-01-29,308.8999938964844,334.0,308.8999938964844,328.79998779296875,328.79998779296875,213939
2024-01-30,329.6499938964844,336.6000061035156,319.29998779296875,323.04998779296875,323.04998779296875,126745
2024-01-31,323.0,334.95001220703125,318.79998779296875,330.95001220703125,330.95001220703125,82282
2024-02-01,330.1499938964844,343.79998779296875,327.45001220703125,335.0,335.0,166688
2024-02-02,340.0,350.04998779296875,336.04998779296875,339.8500061035156,339.8500061035156,261342
2024-02-05,344.95001220703125,344.95001220703125,332.54998779296875,341.5,341.5,139883
2024-02-06,341.5,356.79998779296875,341.1000061035156,344.3999938964844,344.3999938964844,341967
2024-02-07,349.95001220703125,357.0,312.6499938964844,320.45001220703125,320.45001220703125,459675
2024-02-08,324.0,324.0,310.0,313.29998779296875,313.29998779296875,151258
2024-02-09,313.95001220703125,313.95001220703125,293.29998779296875,303.0,303.0,145187
2024-02-12,300.0,301.95001220703125,285.1000061035156,288.20001220703125,288.20001220703125,110864
2024-02-13,288.20001220703125,296.0,280.45001220703125,293.8500061035156,293.8500061035156,82284
2024-02-14,287.1000061035156,301.0,287.1000061035156,299.1000061035156,299.1000061035156,60371
2024-02-15,301.45001220703125,319.95001220703125,301.1000061035156,310.95001220703125,310.95001220703125,120632
2024-02-16,313.3999938964844,319.95001220703125,304.5,306.79998779296875,306.79998779296875,54708
2024-02-19,307.1000061035156,313.95001220703125,306.29998779296875,308.95001220703125,308.95001220703125,36480
2024-02-20,310.29998779296875,314.6000061035156,304.04998779296875,305.1499938964844,305.1499938964844,53612
2024-02-21,305.1499938964844,307.0,301.0,301.8999938964844,301.8999938964844,39573
2024-02-22,301.95001220703125,305.95001220703125,299.0,304.04998779296875,304.04998779296875,43880
2024-02-23,304.1000061035156,312.70001220703125,301.54998779296875,308.04998779296875,308.04998779296875,47821
2024-02-26,304.54998779296875,313.45001220703125,302.3999938964844,310.04998779296875,310.04998779296875,37384
2024-02-27,310.04998779296875,313.6499938964844,302.04998779296875,306.6000061035156,306.6000061035156,55076
2024-02-28,304.54998779296875,329.95001220703125,299.0,307.3999938964844,307.3999938964844,350051
2024-02-29,305.8999938964844,336.45001220703125,302.1000061035156,315.45001220703125,315.45001220703125,783837
2024-03-01,318.95001220703125,327.70001220703125,315.8999938964844,319.1000061035156,319.1000061035156,137920
2024-03-04,322.25,336.79998779296875,321.54998779296875,331.0,331.0,252441
2024-03-05,330.75,330.75,318.29998779296875,323.3500061035156,323.3500061035156,80855
2024-03-06,323.0,323.0,307.3500061035156,313.79998779296875,313.79998779296875,82969
2024-03-07,310.70001220703125,317.6499938964844,310.70001220703125,315.29998779296875,315.29998779296875,44967
2024-03-11,312.5,314.5,301.0,302.3999938964844,302.3999938964844,54220
2024-03-12,305.79998779296875,306.1000061035156,287.04998779296875,289.45001220703125,289.45001220703125,77562
2024-03-13,286.54998779296875,292.20001220703125,263.1499938964844,266.8999938964844,266.8999938964844,136669
2024-03-14,270.8999938964844,285.0,266.29998779296875,281.20001220703125,281.20001220703125,55815
2024-03-15,284.8999938964844,284.8999938964844,274.3500061035156,280.20001220703125,280.20001220703125,50388
2024-03-18,280.8999938964844,283.3500061035156,277.25,280.0,280.0,23510
2024-03-19,280.0,283.29998779296875,275.3500061035156,281.3999938964844,281.3999938964844,35875
2024-03-20,281.45001220703125,285.95001220703125,271.1499938964844,279.1000061035156,279.1000061035156,34711
2024-03-21,281.1000061035156,285.45001220703125,278.04998779296875,279.04998779296875,279.04998779296875,37738
2024-03-22,279.0,282.3999938964844,274.8500061035156,280.45001220703125,280.45001220703125,34333
2024-03-26,280.6499938964844,283.95001220703125,271.3500061035156,273.70001220703125,273.70001220703125,108634
2024-03-27,275.8999938964844,278.54998779296875,265.3500061035156,269.45001220703125,269.45001220703125,141199
2024-03-28,270.5,271.6499938964844,262.5,264.75,264.75,62775
2024-04-01,264.75,278.0,264.75,275.45001220703125,275.45001220703125,52351
2024-04-02,276.04998779296875,285.54998779296875,275.04998779296875,283.5,283.5,71455
2024-04-03,283.5,293.0,280.8999938964844,289.0,289.0,88198
2024-04-04,289.8999938964844,290.0,284.1000061035156,287.95001220703125,287.95001220703125,33287
2024-04-05,287.95001220703125,294.95001220703125,285.5,293.25,293.25,49652
2024-04-08,294.95001220703125,298.1499938964844,289.1499938964844,291.29998779296875,291.29998779296875,43173
2024-04-09,293.0,293.25,282.04998779296875,284.1000061035156,284.1000061035156,38251
2024-04-10,309.0,340.8999938964844,305.0,340.8999938964844,340.8999938964844,1604912
2024-04-12,353.45001220703125,407.0,350.04998779296875,396.3500061035156,396.3500061035156,10150099
2024-04-15,384.95001220703125,418.0,363.1000061035156,406.3500061035156,406.3500061035156,3473704
2024-04-16,398.0,404.8999938964844,380.0,385.25,385.25,696236
2024-04-18,386.5,449.79998779296875,385.54998779296875,423.20001220703125,423.20001220703125,2321747
2024-04-19,415.0,444.0,403.0,414.70001220703125,414.70001220703125,720274
2024-04-22,421.0,425.45001220703125,401.0,402.5,402.5,239057
2024-04-23,397.0,397.1499938964844,382.3999938964844,382.3999938964844,382.3999938964844,60975
2024-04-24,366.0,380.0,363.29998779296875,378.6499938964844,378.6499938964844,160028
2024-04-25,376.6499938964844,385.0,362.04998779296875,365.1000061035156,365.1000061035156,70653
2024-04-26,373.3999938964844,377.0,365.20001220703125,372.1000061035156,372.1000061035156,47879
2024-04-29,371.95001220703125,371.95001220703125,353.6000061035156,362.1499938964844,362.1499938964844,38112
2024-04-30,361.95001220703125,364.8999938964844,356.0,357.25,357.25,43593
2024-05-02,358.5,375.1000061035156,342.6000061035156,375.1000061035156,375.1000061035156,82200
2024-05-03,380.0,389.79998779296875,375.54998779296875,377.20001220703125,377.20001220703125,63952
2024-05-06,379.6499938964844,379.6499938964844,361.0,364.8500061035156,364.8500061035156,44500
2024-05-07,364.5,374.70001220703125,360.0,362.1000061035156,362.1000061035156,69174
2024-05-08,362.5,378.5,362.5,371.3999938964844,371.3999938964844,42693
2024-05-09,370.5,373.5,357.0,359.3500061035156,359.3500061035156,31163
2024-05-10,360.0,365.0,356.0,363.1499938964844,363.1499938964844,17245
2024-05-13,364.95001220703125,364.95001220703125,350.0,355.54998779296875,355.54998779296875,17625
2024-05-14,355.5,364.0,354.45001220703125,359.5,359.5,18211
2024-05-15,362.95001220703125,370.0,359.6000061035156,362.8999938964844,362.8999938964844,27556
2024-05-16,358.1000061035156,372.0,358.1000061035156,367.70001220703125,367.70001220703125,16273
2024-05-17,367.70001220703125,368.5,361.0,363.20001220703125,363.20001220703125,12828
2024-05-21,367.95001220703125,378.0,362.5,375.8500061035156,375.8500061035156,45650
2024-05-22,379.0,390.0,364.0,368.8999938964844,368.8999938964844,52536
2024-05-23,368.5,375.29998779296875,363.6000061035156,374.25,374.25,37551
2024-05-24,374.0,374.0,360.0,362.25,362.25,31412
2024-05-27,357.54998779296875,360.3500061035156,351.0,354.20001220703125,354.20001220703125,24411
2024-05-28,358.8999938964844,359.0,336.5,338.20001220703125,338.20001220703125,51499
2024-05-29,322.70001220703125,336.3999938964844,321.29998779296875,324.54998779296875,324.54998779296875,48879
2024-05-30,324.8999938964844,333.0,321.29998779296875,328.8500061035156,328.8500061035156,23490
2024-05-31,325.1000061035156,331.45001220703125,316.3999938964844,318.95001220703125,318.95001220703125,33598
2024-06-03,315.29998779296875,325.0,303.0,304.79998779296875,304.79998779296875,108890
2024-06-04,304.0,304.0,289.6000061035156,296.3999938964844,296.3999938964844,74944
2024-06-05,295.8500061035156,298.5,281.6000061035156,295.75,295.75,38809
2024-06-06,298.45001220703125,310.5,298.45001220703125,310.5,310.5,29431
2024-06-07,320.0,326.0,312.79998779296875,320.79998779296875,320.79998779296875,44342
2024-06-10,325.45001220703125,325.45001220703125,315.5,320.0,320.0,27360
2024-06-11,319.95001220703125,336.0,317.1499938964844,329.75,329.75,38501
2024-06-12,329.75,340.0,321.1000061035156,328.29998779296875,328.29998779296875,46284
2024-06-13,332.6499938964844,335.0,326.25,331.3999938964844,331.3999938964844,12029
2024-06-14,331.3999938964844,335.0,325.0,332.0,332.0,24934
2024-06-18,332.0,336.0,320.04998779296875,329.3500061035156,329.3500061035156,24866
2024-06-19,328.95001220703125,328.95001220703125,321.1499938964844,323.3500061035156,323.3500061035156,13633
2024-06-20,323.0,336.0,323.0,332.1499938964844,332.1499938964844,28689
2024-06-21,338.0,344.0,329.0,337.5,337.5,33689
2024-06-24,340.0,340.0,330.6499938964844,333.95001220703125,333.95001220703125,13608
2024-06-25,330.54998779296875,340.0,327.5,332.04998779296875,332.04998779296875,26691
2024-06-26,328.5,332.8500061035156,324.0,325.6499938964844,325.6499938964844,16681
2024-06-27,325.04998779296875,330.45001220703125,316.0,318.1499938964844,318.1499938964844,17495
2024-06-28,318.1499938964844,333.5,317.0,326.29998779296875,326.29998779296875,31411
2024-07-01,329.75,342.6000061035156,322.29998779296875,342.6000061035156,342.6000061035156,64320
2024-07-02,351.0,359.70001220703125,351.0,359.70001220703125,359.70001220703125,62118
2024-07-03,360.0,370.0,358.5,364.1000061035156,364.1000061035156,76503
2024-07-04,365.0,370.5,351.04998779296875,354.0,354.0,29464
2024-07-05,353.79998779296875,355.0,339.0,350.29998779296875,350.29998779296875,31865
2024-07-08,354.5,363.6000061035156,343.8500061035156,359.6499938964844,359.6499938964844,35670
2024-07-09,358.8500061035156,369.75,347.1499938964844,360.75,360.75,24320
2024-07-10,361.95001220703125,361.95001220703125,349.0,352.54998779296875,352.54998779296875,37846
2024-07-11,358.0,358.0,342.0,348.45001220703125,348.45001220703125,22010
2024-07-12,348.54998779296875,362.0,348.54998779296875,358.95001220703125,358.95001220703125,34683
2024-07-15,359.95001220703125,366.1499938964844,348.25,364.79998779296875,364.79998779296875,42203
2024-07-16,364.3999938964844,383.0,360.0,379.6499938964844,379.6499938964844,164978
2024-07-18,385.95001220703125,394.0,378.0,380.8999938964844,380.8999938964844,113864
2024-07-19,385.0,385.04998779296875,366.0,366.95001220703125,366.95001220703125,73806
2024-07-22,362.0,379.5,360.45001220703125,363.25,363.25,58974
2024-07-23,364.75,370.95001220703125,355.0,360.3999938964844,360.3999938964844,52574
2024-07-24,358.0,378.3999938964844,357.25,378.3999938964844,378.3999938964844,78710
2024-07-25,377.04998779296875,396.8999938964844,359.5,375.29998779296875,375.29998779296875,186971
2024-07-26,375.29998779296875,393.0,372.04998779296875,380.5,380.5,63889
2024-07-29,389.0,389.0,365.04998779296875,368.25,368.25,59717
2024-07-30,369.70001220703125,382.0,368.25,375.29998779296875,375.29998779296875,44735
2024-07-31,376.45001220703125,383.70001220703125,372.29998779296875,377.54998779296875,377.54998779296875,42667
2024-08-01,384.45001220703125,384.45001220703125,361.1499938964844,364.5,364.5,44443
2024-08-02,362.0,367.95001220703125,355.79998779296875,357.29998779296875,357.29998779296875,38493
2024-08-05,348.95001220703125,350.20001220703125,339.45001220703125,340.54998779296875,340.54998779296875,47282
2024-08-06,341.0,348.45001220703125,326.29998779296875,332.75,332.75,39010
2024-08-07,338.5,366.0,333.54998779296875,366.0,366.0,96078
2024-08-08,379.8999938964844,402.6000061035156,368.1000061035156,383.8500061035156,383.8500061035156,673803
2024-08-09,383.70001220703125,396.6000061035156,380.5,391.25,391.25,148662
2024-08-12,388.54998779296875,403.3500061035156,376.20001220703125,391.45001220703125,391.45001220703125,127382
2024-08-13,392.95001220703125,408.0,382.0,385.1000061035156,385.1000061035156,106921
2024-08-14,387.20001220703125,394.8999938964844,368.29998779296875,372.8999938964844,372.8999938964844,100416
2024-08-16,380.5,397.0,369.75,393.20001220703125,393.20001220703125,102684
2024-08-19,395.95001220703125,424.70001220703125,395.20001220703125,412.79998779296875,412.79998779296875,181151
2024-08-20,414.75,414.95001220703125,403.79998779296875,411.70001220703125,411.70001220703125,48345
2024-08-21,409.0,429.0,409.0,415.3500061035156,415.3500061035156,75468
2024-08-22,420.8500061035156,420.8500061035156,400.1000061035156,403.25,403.25,62096
2024-08-23,408.5,410.5,391.04998779296875,396.1499938964844,396.1499938964844,44234
2024-08-26,393.6499938964844,408.6000061035156,390.6000061035156,394.45001220703125,394.45001220703125,52672
2024-08-27,395.29998779296875,407.0,395.0,403.95001220703125,403.95001220703125,47940
2024-08-28,405.29998779296875,421.1000061035156,400.0,404.5,404.5,89535
2024-08-29,405.25,409.20001220703125,389.1499938964844,396.0,396.0,55499
2024-08-30,398.04998779296875,417.3500061035156,394.0,406.29998779296875,406.29998779296875,45492
2024-09-02,407.95001220703125,408.54998779296875,397.54998779296875,402.1499938964844,402.1499938964844,31624
2024-09-03,404.1000061035156,441.5,404.1000061035156,423.0,423.0,465093
2024-09-04,420.79998779296875,452.0,413.5,447.54998779296875,447.54998779296875,385688
2024-09-05,450.0,452.95001220703125,425.5,428.3999938964844,428.3999938964844,210007
2024-09-06,431.75,441.0,425.0,426.95001220703125,426.95001220703125,110267
2024-09-09,427.25,428.54998779296875,415.8999938964844,421.45001220703125,421.45001220703125,46252
2024-09-10,423.25,434.75,423.25,429.5,429.5,59667
2024-09-11,455.0,455.0,430.3500061035156,434.8999938964844,434.8999938964844,440109
2024-09-12,438.29998779296875,440.5,431.1000061035156,431.79998779296875,431.79998779296875,47108
2024-09-13,431.1000061035156,437.45001220703125,418.6000061035156,425.6000061035156,425.6000061035156,67717
2024-09-16,431.5,432.3999938964844,418.5,423.04998779296875,423.04998779296875,45472
2024-09-17,420.5,423.8999938964844,398.6000061035156,407.70001220703125,407.70001220703125,85974
2024-09-18,407.1499938964844,413.95001220703125,395.1000061035156,400.45001220703125,400.45001220703125,47166
